ROWNUM,WO_NO,MATERIAL,LENGTH,WIDTH,THICKNESS,VOLUME,FORMINGLEVEL,PROCESS1,PROCESS2,PROCESS3,SOURCE_IN
1,STEEL0001,Mild Steel,18,3,0.93,50.22,3,NG,B2,LH,0.50 
2,STEEL0002,Mild Steel,17,3,0.66,33.66,1,NC,B2,LH,1.00 
3,STEEL0003,Mild Steel,13,4,0.44,22.88,3,NC,B1,LH,1.50 
4,STEEL0004,High Tensile Steel,13,4,0.69,35.88,3,NG,B2,LH,2.00 
5,STEEL0005,High Tensile Steel,12,3,0.75,27,3,NG,B0,LH,2.50 
6,STEEL0006,High Tensile Steel,12,2,0.49,11.76,1,NC,B2,LH,3.00 
7,STEEL0007,High Tensile Steel,10,3,0.94,28.2,2,NC,B0,LH,3.50 
8,STEEL0008,High Tensile Steel,13,2,0.68,17.68,2,NG,B1,LH,4.00 
9,STEEL0009,High Tensile Steel,17,4,0.76,51.68,1,NG,B2,LH,4.50 
10,STEEL0010,High Tensile Steel,20,2,0.82,32.8,1,NC,B2,LH,5.00 
11,STEEL0011,High Tensile Steel,20,4,0.66,52.8,2,NG,B2,LH,5.50 
12,STEEL0012,Mild Steel,12,3,0.82,29.52,1,NC,B0,LH,6.00 
13,STEEL0013,Mild Steel,14,2,0.45,12.6,3,NC,B2,LH,6.50 
14,STEEL0014,High Tensile Steel,19,2,0.55,20.9,1,NC,B2,LH,7.00 
15,STEEL0015,High Tensile Steel,11,2,0.38,8.36,1,NC,B2,LH,7.50 
16,STEEL0016,Mild Steel,16,4,0.28,17.92,3,NC,B2,LH,8.00 
17,STEEL0017,Mild Steel,17,2,0.47,15.98,2,NG,B0,LH,8.50 
18,STEEL0018,High Tensile Steel,11,4,0.67,29.48,2,NC,B2,LH,9.00 
19,STEEL0019,High Tensile Steel,10,3,0.64,19.2,2,NC,B2,LH,9.50 
20,STEEL0020,High Tensile Steel,14,3,0.78,32.76,2,NC,B2,LH,10.00 
21,STEEL0021,High Tensile Steel,17,3,0.64,32.64,3,NC,B1,LH,10.50 
22,STEEL0022,High Tensile Steel,13,2,0.62,16.12,2,NG,B0,LH,11.00 
23,STEEL0023,Mild Steel,10,3,0.47,14.1,3,NC,B1,LH,11.50 
24,STEEL0024,Mild Steel,15,4,0.53,31.8,3,NG,B2,LH,12.00 
25,STEEL0025,Mild Steel,10,3,0.49,14.7,2,NG,B1,LH,12.50 
26,STEEL0026,Mild Steel,10,4,0.75,30,2,NC,B2,LH,13.00 
27,STEEL0027,Mild Steel,15,2,0.61,18.3,2,NC,B2,LH,13.50 
28,STEEL0028,High Tensile Steel,12,2,0.82,19.68,3,NC,B2,LH,14.00 
29,STEEL0029,Mild Steel,18,2,0.29,10.44,1,NC,B1,LH,14.50 
30,STEEL0030,High Tensile Steel,17,4,1,68,3,NC,B2,LH,15.00 
31,STEEL0031,Mild Steel,20,3,0.99,59.4,1,NC,B1,LH,15.50 
32,STEEL0032,High Tensile Steel,11,2,0.55,12.1,2,NC,B2,LH,16.00 
33,STEEL0033,High Tensile Steel,20,3,0.96,57.6,3,NG,B1,LH,16.50 
34,STEEL0034,High Tensile Steel,14,4,0.95,53.2,2,NC,B2,LH,17.00 
35,STEEL0035,Mild Steel,13,2,0.29,7.54,2,NC,B2,LH,17.50 
36,STEEL0036,Mild Steel,10,4,0.39,15.6,3,NC,B1,LH,18.00 
37,STEEL0037,Mild Steel,14,4,0.61,34.16,1,NC,B1,LH,18.50 
38,STEEL0038,Mild Steel,19,3,0.54,30.78,1,NC,B1,LH,19.00 
39,STEEL0039,High Tensile Steel,19,3,0.51,29.07,3,NC,B2,LH,19.50 
40,STEEL0040,Mild Steel,14,3,0.57,23.94,3,NC,B0,LH,20.00 
41,STEEL0041,Mild Steel,14,3,0.24,10.08,1,NC,B2,LH,20.50 
42,STEEL0042,High Tensile Steel,11,4,0.4,17.6,3,NG,B1,LH,21.00 
43,STEEL0043,High Tensile Steel,18,2,0.58,20.88,3,NG,B2,LH,21.50 
44,STEEL0044,Mild Steel,14,3,0.8,33.6,2,NG,B1,LH,22.00 
45,STEEL0045,High Tensile Steel,12,2,0.58,13.92,2,NC,B1,LH,22.50 
46,STEEL0046,Mild Steel,20,2,0.72,28.8,3,NG,B0,LH,23.00 
47,STEEL0047,High Tensile Steel,17,3,0.45,22.95,3,NG,B1,LH,23.50 
48,STEEL0048,Mild Steel,12,2,0.31,7.44,2,NG,B2,LH,24.00 
49,STEEL0049,High Tensile Steel,17,3,0.53,27.03,3,NG,B2,LH,24.50 
50,STEEL0050,Mild Steel,11,3,0.28,9.24,3,NG,B2,LH,25.00 
51,STEEL0051,High Tensile Steel,17,2,0.93,31.62,2,NC,B0,LH,25.50 
52,STEEL0052,High Tensile Steel,19,4,0.45,34.2,1,NC,B1,LH,26.00 
53,STEEL0053,Mild Steel,10,3,0.56,16.8,2,NC,B0,LH,26.50 
54,STEEL0054,Mild Steel,19,2,0.88,33.44,2,NC,B2,LH,27.00 
55,STEEL0055,Mild Steel,19,3,0.87,49.59,3,NG,B2,LH,27.50 
56,STEEL0056,Mild Steel,13,4,0.72,37.44,3,NC,B1,LH,28.00 
57,STEEL0057,High Tensile Steel,18,3,0.22,11.88,3,NC,B1,LH,28.50 
58,STEEL0058,High Tensile Steel,12,3,0.27,9.72,1,NC,B0,LH,29.00 
59,STEEL0059,Mild Steel,13,3,0.9,35.1,2,NC,B2,LH,29.50 
60,STEEL0060,Mild Steel,15,2,0.66,19.8,1,NC,B1,LH,30.00 
61,STEEL0061,High Tensile Steel,18,4,0.55,39.6,2,NC,B1,LH,30.50 
62,STEEL0062,High Tensile Steel,18,3,0.42,22.68,2,NC,B2,LH,31.00 
63,STEEL0063,Mild Steel,13,4,0.21,10.92,3,NC,B1,LH,31.50 
64,STEEL0064,Mild Steel,12,3,0.7,25.2,2,NC,B1,LH,32.00 
65,STEEL0065,High Tensile Steel,13,3,0.32,12.48,3,NC,B2,LH,32.50 
66,STEEL0066,High Tensile Steel,14,2,0.47,13.16,1,NC,B2,LH,33.00 
67,STEEL0067,High Tensile Steel,17,4,1,68,2,NG,B2,LH,33.50 
68,STEEL0068,Mild Steel,17,3,0.28,14.28,1,NG,B0,LH,34.00 
69,STEEL0069,High Tensile Steel,17,2,0.69,23.46,3,NG,B2,LH,34.50 
70,STEEL0070,High Tensile Steel,19,3,0.45,25.65,1,NG,B1,LH,35.00 
71,STEEL0071,Mild Steel,16,3,0.89,42.72,3,NG,B2,LH,35.50 
72,STEEL0072,High Tensile Steel,13,4,0.25,13,2,NG,B0,LH,36.00 
73,STEEL0073,Mild Steel,15,3,0.72,32.4,3,NG,B1,LH,36.50 
74,STEEL0074,Mild Steel,20,3,0.88,52.8,2,NC,B1,LH,37.00 
75,STEEL0075,High Tensile Steel,18,3,0.82,44.28,1,NC,B2,LH,37.50 
76,STEEL0076,Mild Steel,17,4,0.97,65.96,3,NG,B1,LH,38.00 
77,STEEL0077,High Tensile Steel,17,4,0.74,50.32,2,NG,B2,LH,38.50 
78,STEEL0078,Mild Steel,17,3,1,51,3,NG,B1,LH,39.00 
79,STEEL0079,Mild Steel,19,2,0.7,26.6,2,NG,B0,LH,39.50 
80,STEEL0080,Mild Steel,13,4,0.37,19.24,2,NG,B1,LH,40.00 
81,STEEL0081,Mild Steel,13,2,0.32,8.32,3,NC,B1,LH,40.50 
82,STEEL0082,High Tensile Steel,14,4,0.9,50.4,3,NC,B2,LH,41.00 
83,STEEL0083,Mild Steel,13,4,0.64,33.28,3,NC,B1,LH,41.50 
84,STEEL0084,Mild Steel,19,2,0.43,16.34,3,NG,B2,LH,42.00 
85,STEEL0085,High Tensile Steel,16,2,0.95,30.4,3,NG,B2,LH,42.50 
86,STEEL0086,Mild Steel,20,2,0.96,38.4,2,NC,B1,LH,43.00 
87,STEEL0087,Mild Steel,12,4,0.59,28.32,1,NC,B1,LH,43.50 
88,STEEL0088,High Tensile Steel,11,3,0.4,13.2,1,NC,B0,LH,44.00 
89,STEEL0089,High Tensile Steel,18,2,0.37,13.32,3,NG,B1,LH,44.50 
90,STEEL0090,Mild Steel,14,2,0.2,5.6,2,NG,B2,LH,45.00 
91,STEEL0091,High Tensile Steel,15,3,0.57,25.65,1,NC,B2,LH,45.50 
92,STEEL0092,Mild Steel,19,4,0.82,62.32,1,NC,B1,LH,46.00 
93,STEEL0093,High Tensile Steel,10,4,0.24,9.6,2,NG,B2,LH,46.50 
94,STEEL0094,High Tensile Steel,20,2,0.77,30.8,2,NG,B2,LH,47.00 
95,STEEL0095,Mild Steel,15,4,0.35,21,2,NC,B0,LH,47.50 
96,STEEL0096,High Tensile Steel,18,4,0.54,38.88,1,NG,B1,LH,48.00 
97,STEEL0097,Mild Steel,20,2,0.87,34.8,3,NC,B2,LH,48.50 
98,STEEL0098,Mild Steel,15,4,0.71,42.6,3,NG,B0,LH,49.00 
99,STEEL0099,Mild Steel,16,4,0.33,21.12,2,NG,B1,LH,49.50 
100,STEEL0100,Mild Steel,18,3,0.57,30.78,3,NC,B2,LH,50.00 
101,STEEL0101,Mild Steel,11,4,0.7,30.8,3,NC,B1,LH,50.50 
102,STEEL0102,High Tensile Steel,11,3,0.95,31.35,3,NG,B1,LH,51.00 
103,STEEL0103,High Tensile Steel,19,4,0.46,34.96,1,NC,B0,LH,51.50 
104,STEEL0104,High Tensile Steel,17,3,0.94,47.94,3,NC,B2,LH,52.00 
105,STEEL0105,High Tensile Steel,19,2,0.26,9.88,2,NC,B1,LH,52.50 
106,STEEL0106,Mild Steel,12,2,0.72,17.28,3,NG,B2,LH,53.00 
107,STEEL0107,High Tensile Steel,17,4,0.48,32.64,2,NC,B2,LH,53.50 
108,STEEL0108,Mild Steel,17,3,0.97,49.47,2,NC,B2,LH,54.00 
109,STEEL0109,Mild Steel,10,2,0.42,8.4,3,NC,B1,LH,54.50 
110,STEEL0110,High Tensile Steel,16,3,0.92,44.16,1,NC,B2,LH,55.00 
111,STEEL0111,Mild Steel,19,2,0.76,28.88,3,NG,B0,LH,55.50 
112,STEEL0112,High Tensile Steel,16,2,0.72,23.04,2,NG,B1,LH,56.00 
113,STEEL0113,Mild Steel,15,3,0.34,15.3,1,NG,B1,LH,56.50 
114,STEEL0114,High Tensile Steel,16,4,0.29,18.56,2,NC,B0,LH,57.00 
115,STEEL0115,High Tensile Steel,12,2,0.78,18.72,2,NC,B2,LH,57.50 
116,STEEL0116,Mild Steel,14,3,0.21,8.82,3,NG,B1,LH,58.00 
117,STEEL0117,Mild Steel,11,4,0.48,21.12,1,NG,B2,LH,58.50 
118,STEEL0118,Mild Steel,12,2,0.92,22.08,1,NG,B2,LH,59.00 
119,STEEL0119,High Tensile Steel,16,3,0.86,41.28,2,NG,B1,LH,59.50 
120,STEEL0120,High Tensile Steel,14,4,0.75,42,2,NG,B2,LH,60.00 
121,STEEL0121,High Tensile Steel,16,3,0.82,39.36,2,NG,B1,LH,60.50 
122,STEEL0122,Mild Steel,18,4,0.2,14.4,1,NG,B2,LH,61.00 
123,STEEL0123,Mild Steel,10,3,0.97,29.1,2,NC,B0,LH,61.50 
124,STEEL0124,High Tensile Steel,19,4,0.47,35.72,2,NG,B2,LH,62.00 
125,STEEL0125,Mild Steel,17,4,0.87,59.16,3,NG,B2,LH,62.50 
126,STEEL0126,Mild Steel,12,4,0.3,14.4,2,NC,B1,LH,63.00 
127,STEEL0127,Mild Steel,10,4,0.58,23.2,1,NC,B2,LH,63.50 
128,STEEL0128,Mild Steel,12,3,0.99,35.64,2,NC,B2,LH,64.00 
129,STEEL0129,High Tensile Steel,13,4,0.37,19.24,3,NG,B1,LH,64.50 
130,STEEL0130,Mild Steel,17,3,1,51,3,NC,B0,LH,65.00 
131,STEEL0131,High Tensile Steel,19,4,0.36,27.36,2,NC,B1,LH,65.50 
132,STEEL0132,High Tensile Steel,18,3,0.43,23.22,1,NG,B2,LH,66.00 
133,STEEL0133,High Tensile Steel,12,4,0.69,33.12,2,NC,B2,LH,66.50 
134,STEEL0134,High Tensile Steel,11,2,0.76,16.72,1,NC,B1,LH,67.00 
135,STEEL0135,Mild Steel,20,3,0.75,45,2,NG,B2,LH,67.50 
136,STEEL0136,High Tensile Steel,17,3,0.86,43.86,1,NG,B1,LH,68.00 
137,STEEL0137,High Tensile Steel,12,4,0.56,26.88,3,NG,B1,LH,68.50 
138,STEEL0138,High Tensile Steel,17,3,0.39,19.89,3,NC,B2,LH,69.00 
139,STEEL0139,High Tensile Steel,17,2,0.8,27.2,3,NC,B1,LH,69.50 
140,STEEL0140,Mild Steel,17,2,0.26,8.84,3,NC,B2,LH,70.00 
141,STEEL0141,Mild Steel,11,2,0.76,16.72,2,NC,B0,LH,70.50 
142,STEEL0142,Mild Steel,12,3,0.42,15.12,1,NC,B2,LH,71.00 
143,STEEL0143,High Tensile Steel,11,3,0.36,11.88,1,NG,B2,LH,71.50 
144,STEEL0144,High Tensile Steel,19,4,0.99,75.24,1,NG,B1,LH,72.00 
145,STEEL0145,High Tensile Steel,13,3,0.43,16.77,1,NC,B2,LH,72.50 
146,STEEL0146,Mild Steel,19,3,0.32,18.24,1,NC,B0,LH,73.00 
147,STEEL0147,High Tensile Steel,19,4,0.73,55.48,2,NC,B2,LH,73.50 
148,STEEL0148,Mild Steel,14,2,0.7,19.6,1,NC,B1,LH,74.00 
149,STEEL0149,High Tensile Steel,14,3,0.43,18.06,2,NC,B1,LH,74.50 
150,STEEL0150,Mild Steel,20,2,0.58,23.2,2,NC,B0,LH,75.00 
151,STEEL0151,Mild Steel,15,3,0.83,37.35,2,NC,B2,LH,75.50 
152,STEEL0152,Mild Steel,17,3,0.65,33.15,1,NC,B1,LH,76.00 
153,STEEL0153,Mild Steel,13,3,0.65,25.35,2,NG,B2,LH,76.50 
154,STEEL0154,Mild Steel,20,4,0.57,45.6,2,NG,B1,LH,77.00 
155,STEEL0155,High Tensile Steel,11,3,0.32,10.56,2,NG,B2,LH,77.50 
156,STEEL0156,Mild Steel,15,4,0.33,19.8,2,NC,B2,LH,78.00 
157,STEEL0157,Mild Steel,10,2,0.32,6.4,3,NG,B0,LH,78.50 
158,STEEL0158,High Tensile Steel,14,4,0.41,22.96,2,NC,B2,LH,79.00 
159,STEEL0159,High Tensile Steel,15,4,0.74,44.4,2,NC,B1,LH,79.50 
160,STEEL0160,Mild Steel,17,4,0.51,34.68,3,NC,B2,LH,80.00 
161,STEEL0161,Mild Steel,14,2,0.2,5.6,1,NC,B0,LH,80.50 
162,STEEL0162,High Tensile Steel,17,2,0.87,29.58,3,NC,B1,LH,81.00 
163,STEEL0163,Mild Steel,10,2,0.75,15,2,NG,B1,LH,81.50 
164,STEEL0164,High Tensile Steel,10,4,0.83,33.2,3,NG,B2,LH,82.00 
165,STEEL0165,Mild Steel,14,4,0.59,33.04,3,NC,B0,LH,82.50 
166,STEEL0166,High Tensile Steel,10,4,0.31,12.4,1,NC,B1,LH,83.00 
167,STEEL0167,High Tensile Steel,15,2,0.41,12.3,2,NG,B2,LH,83.50 
168,STEEL0168,High Tensile Steel,19,4,0.72,54.72,2,NC,B2,LH,84.00 
169,STEEL0169,High Tensile Steel,14,2,0.73,20.44,2,NC,B1,LH,84.50 
170,STEEL0170,Mild Steel,11,2,0.91,20.02,3,NC,B0,LH,85.00 
171,STEEL0171,Mild Steel,20,2,0.81,32.4,1,NG,B2,LH,85.50 
172,STEEL0172,High Tensile Steel,18,2,0.47,16.92,2,NG,B1,LH,86.00 
173,STEEL0173,High Tensile Steel,15,4,0.65,39,1,NC,B2,LH,86.50 
174,STEEL0174,High Tensile Steel,12,3,0.85,30.6,3,NC,B0,LH,87.00 
175,STEEL0175,High Tensile Steel,15,2,0.82,24.6,1,NC,B2,LH,87.50 
176,STEEL0176,High Tensile Steel,17,3,0.36,18.36,3,NG,B2,LH,88.00 
177,STEEL0177,Mild Steel,16,3,0.49,23.52,1,NG,B2,LH,88.50 
178,STEEL0178,Mild Steel,12,3,0.73,26.28,1,NG,B2,LH,89.00 
179,STEEL0179,Mild Steel,17,4,0.26,17.68,2,NG,B1,LH,89.50 
180,STEEL0180,High Tensile Steel,16,2,0.24,7.68,3,NG,B2,LH,90.00 
181,STEEL0181,Mild Steel,11,4,0.45,19.8,3,NG,B1,LH,90.50 
182,STEEL0182,Mild Steel,17,4,0.97,65.96,1,NG,B2,LH,91.00 
183,STEEL0183,High Tensile Steel,10,3,0.57,17.1,3,NG,B1,LH,91.50 
184,STEEL0184,Mild Steel,17,3,0.82,41.82,1,NC,B1,LH,92.00 
185,STEEL0185,Mild Steel,13,3,0.23,8.97,1,NG,B1,LH,92.50 
186,STEEL0186,Mild Steel,15,3,0.75,33.75,1,NC,B2,LH,93.00 
187,STEEL0187,High Tensile Steel,20,2,0.58,23.2,3,NC,B0,LH,93.50 
188,STEEL0188,High Tensile Steel,11,4,0.29,12.76,2,NG,B2,LH,94.00 
189,STEEL0189,Mild Steel,17,4,0.22,14.96,3,NG,B1,LH,94.50 
190,STEEL0190,High Tensile Steel,14,2,0.88,24.64,3,NG,B0,LH,95.00 
191,STEEL0191,High Tensile Steel,20,3,0.34,20.4,3,NC,B2,LH,95.50 
192,STEEL0192,High Tensile Steel,11,4,0.83,36.52,2,NG,B2,LH,96.00 
193,STEEL0193,Mild Steel,11,2,0.67,14.74,1,NG,B1,LH,96.50 
194,STEEL0194,Mild Steel,17,4,0.63,42.84,3,NC,B2,LH,97.00 
195,STEEL0195,Mild Steel,11,3,0.74,24.42,1,NC,B1,LH,97.50 
196,STEEL0196,Mild Steel,10,4,0.88,35.2,2,NG,B0,LH,98.00 
197,STEEL0197,High Tensile Steel,12,4,0.84,40.32,1,NC,B1,LH,98.50 
198,STEEL0198,High Tensile Steel,16,4,0.21,13.44,3,NG,B2,LH,99.00 
199,STEEL0199,High Tensile Steel,16,3,0.23,11.04,3,NG,B1,LH,99.50 
200,STEEL0200,Mild Steel,12,2,0.5,12,2,NG,B1,LH,100.00 
201,STEEL0201,Mild Steel,15,3,0.36,16.2,2,NG,B2,LH,100.50 
202,STEEL0202,High Tensile Steel,10,3,0.48,14.4,2,NG,B1,LH,101.00 
203,STEEL0203,High Tensile Steel,11,3,0.44,14.52,1,NC,B2,LH,101.50 
204,STEEL0204,Mild Steel,19,4,0.49,37.24,1,NG,B2,LH,102.00 
205,STEEL0205,High Tensile Steel,18,3,0.27,14.58,1,NC,B0,LH,102.50 
206,STEEL0206,Mild Steel,16,2,0.87,27.84,1,NG,B1,LH,103.00 
207,STEEL0207,High Tensile Steel,13,2,0.43,11.18,2,NG,B2,LH,103.50 
208,STEEL0208,Mild Steel,19,2,0.32,12.16,1,NC,B2,LH,104.00 
209,STEEL0209,High Tensile Steel,12,3,0.42,15.12,3,NG,B1,LH,104.50 
210,STEEL0210,High Tensile Steel,15,2,0.99,29.7,3,NG,B2,LH,105.00 
211,STEEL0211,Mild Steel,18,3,0.96,51.84,1,NC,B2,LH,105.50 
212,STEEL0212,Mild Steel,15,2,0.53,15.9,3,NG,B0,LH,106.00 
213,STEEL0213,High Tensile Steel,12,2,0.28,6.72,2,NC,B1,LH,106.50 
214,STEEL0214,Mild Steel,18,2,0.92,33.12,3,NC,B0,LH,107.00 
215,STEEL0215,Mild Steel,16,2,0.75,24,2,NG,B2,LH,107.50 
216,STEEL0216,High Tensile Steel,15,2,0.93,27.9,1,NG,B2,LH,108.00 
217,STEEL0217,Mild Steel,10,2,0.83,16.6,3,NG,B1,LH,108.50 
218,STEEL0218,Mild Steel,11,3,0.22,7.26,2,NG,B2,LH,109.00 
219,STEEL0219,Mild Steel,10,4,0.92,36.8,3,NG,B2,LH,109.50 
220,STEEL0220,High Tensile Steel,19,4,0.72,54.72,3,NC,B1,LH,110.00 
221,STEEL0221,High Tensile Steel,12,3,0.34,12.24,1,NC,B2,LH,110.50 
222,STEEL0222,High Tensile Steel,14,2,0.76,21.28,3,NC,B1,LH,111.00 
223,STEEL0223,High Tensile Steel,18,3,0.42,22.68,1,NG,B2,LH,111.50 
224,STEEL0224,Mild Steel,13,4,0.49,25.48,1,NC,B2,LH,112.00 
225,STEEL0225,High Tensile Steel,19,3,0.21,11.97,2,NC,B1,LH,112.50 
226,STEEL0226,Mild Steel,15,3,0.25,11.25,3,NC,B2,LH,113.00 
227,STEEL0227,Mild Steel,10,2,0.89,17.8,1,NG,B2,LH,113.50 
228,STEEL0228,Mild Steel,17,2,0.7,23.8,1,NC,B1,LH,114.00 
229,STEEL0229,Mild Steel,17,4,0.67,45.56,1,NC,B2,LH,114.50 
230,STEEL0230,High Tensile Steel,10,2,0.66,13.2,2,NC,B1,LH,115.00 
231,STEEL0231,Mild Steel,15,2,0.23,6.9,1,NC,B2,LH,115.50 
232,STEEL0232,High Tensile Steel,16,4,0.47,30.08,3,NG,B0,LH,116.00 
233,STEEL0233,Mild Steel,14,3,0.73,30.66,1,NG,B1,LH,116.50 
234,STEEL0234,High Tensile Steel,14,2,0.65,18.2,3,NG,B2,LH,117.00 
235,STEEL0235,High Tensile Steel,11,4,0.36,15.84,2,NG,B2,LH,117.50 
236,STEEL0236,High Tensile Steel,15,2,0.7,21,3,NG,B1,LH,118.00 
237,STEEL0237,High Tensile Steel,15,2,0.98,29.4,3,NG,B1,LH,118.50 
238,STEEL0238,High Tensile Steel,14,3,0.53,22.26,2,NC,B2,LH,119.00 
239,STEEL0239,High Tensile Steel,12,2,0.95,22.8,1,NC,B1,LH,119.50 
240,STEEL0240,High Tensile Steel,12,3,0.96,34.56,3,NC,B2,LH,120.00 
241,STEEL0241,Mild Steel,11,4,0.3,13.2,2,NC,B2,LH,120.50 
242,STEEL0242,Mild Steel,18,3,0.62,33.48,3,NC,B1,LH,121.00 
243,STEEL0243,Mild Steel,11,4,1,44,1,NC,B1,LH,121.50 
244,STEEL0244,High Tensile Steel,15,4,0.32,19.2,3,NG,B1,LH,122.00 
245,STEEL0245,High Tensile Steel,11,4,0.79,34.76,3,NC,B2,LH,122.50 
246,STEEL0246,Mild Steel,16,3,0.2,9.6,2,NC,B1,LH,123.00 
247,STEEL0247,High Tensile Steel,19,4,0.86,65.36,1,NG,B0,LH,123.50 
248,STEEL0248,Mild Steel,15,2,0.88,26.4,3,NC,B1,LH,124.00 
249,STEEL0249,Mild Steel,15,3,0.72,32.4,1,NC,B1,LH,124.50 
250,STEEL0250,High Tensile Steel,12,2,0.32,7.68,1,NG,B1,LH,125.00 
251,STEEL0251,Mild Steel,10,3,0.56,16.8,2,NG,B1,LH,125.50 
252,STEEL0252,High Tensile Steel,20,4,0.98,78.4,1,NG,B1,LH,126.00 
253,STEEL0253,Mild Steel,10,2,0.72,14.4,1,NC,B1,LH,126.50 
254,STEEL0254,High Tensile Steel,10,2,0.61,12.2,2,NC,B0,LH,127.00 
255,STEEL0255,High Tensile Steel,19,3,0.48,27.36,1,NC,B1,LH,127.50 
256,STEEL0256,High Tensile Steel,13,4,0.57,29.64,1,NC,B1,LH,128.00 
257,STEEL0257,Mild Steel,14,3,0.49,20.58,3,NC,B1,LH,128.50 
258,STEEL0258,High Tensile Steel,11,2,0.91,20.02,1,NG,B1,LH,129.00 
259,STEEL0259,High Tensile Steel,10,2,0.28,5.6,3,NG,B2,LH,129.50 
260,STEEL0260,Mild Steel,10,4,0.87,34.8,1,NG,B2,LH,130.00 
261,STEEL0261,High Tensile Steel,15,3,0.74,33.3,1,NG,B0,LH,130.50 
262,STEEL0262,Mild Steel,14,4,0.63,35.28,3,NG,B1,LH,131.00 
263,STEEL0263,Mild Steel,18,2,0.43,15.48,2,NG,B2,LH,131.50 
264,STEEL0264,Mild Steel,11,4,0.32,14.08,1,NC,B1,LH,132.00 
265,STEEL0265,High Tensile Steel,19,2,0.4,15.2,3,NG,B0,LH,132.50 
266,STEEL0266,High Tensile Steel,15,2,0.51,15.3,2,NC,B2,LH,133.00 
267,STEEL0267,Mild Steel,11,4,0.35,15.4,3,NG,B0,LH,133.50 
268,STEEL0268,High Tensile Steel,18,4,0.66,47.52,3,NG,B1,LH,134.00 
269,STEEL0269,High Tensile Steel,19,4,0.45,34.2,1,NG,B1,LH,134.50 
270,STEEL0270,High Tensile Steel,19,2,0.67,25.46,1,NC,B0,LH,135.00 
271,STEEL0271,Mild Steel,20,4,0.23,18.4,1,NC,B2,LH,135.50 
272,STEEL0272,Mild Steel,12,4,0.75,36,2,NG,B0,LH,136.00 
273,STEEL0273,High Tensile Steel,14,3,0.34,14.28,2,NG,B2,LH,136.50 
274,STEEL0274,High Tensile Steel,19,3,0.57,32.49,3,NC,B1,LH,137.00 
275,STEEL0275,Mild Steel,11,4,0.92,40.48,2,NG,B1,LH,137.50 
276,STEEL0276,High Tensile Steel,17,2,0.77,26.18,3,NC,B2,LH,138.00 
277,STEEL0277,High Tensile Steel,17,2,0.53,18.02,2,NC,B1,LH,138.50 
278,STEEL0278,Mild Steel,16,3,0.92,44.16,1,NC,B2,LH,139.00 
279,STEEL0279,High Tensile Steel,11,4,0.74,32.56,3,NC,B1,LH,139.50 
280,STEEL0280,High Tensile Steel,15,2,0.22,6.6,1,NC,B2,LH,140.00 
281,STEEL0281,High Tensile Steel,18,3,0.74,39.96,1,NC,B1,LH,140.50 
282,STEEL0282,High Tensile Steel,13,2,0.74,19.24,3,NC,B1,LH,141.00 
283,STEEL0283,High Tensile Steel,18,4,0.32,23.04,1,NG,B0,LH,141.50 
284,STEEL0284,High Tensile Steel,20,2,0.53,21.2,2,NC,B1,LH,142.00 
285,STEEL0285,Mild Steel,17,4,0.97,65.96,3,NC,B1,LH,142.50 
286,STEEL0286,High Tensile Steel,15,3,0.38,17.1,2,NC,B0,LH,143.00 
287,STEEL0287,Mild Steel,11,3,0.65,21.45,1,NC,B1,LH,143.50 
288,STEEL0288,High Tensile Steel,15,3,0.91,40.95,1,NC,B1,LH,144.00 
289,STEEL0289,Mild Steel,15,3,0.76,34.2,1,NG,B2,LH,144.50 
290,STEEL0290,Mild Steel,10,4,0.44,17.6,2,NG,B2,LH,145.00 
291,STEEL0291,Mild Steel,16,2,0.62,19.84,3,NG,B1,LH,145.50 
292,STEEL0292,High Tensile Steel,14,2,0.23,6.44,3,NG,B0,LH,146.00 
293,STEEL0293,Mild Steel,14,3,0.74,31.08,1,NG,B2,LH,146.50 
294,STEEL0294,High Tensile Steel,15,2,0.6,18,1,NG,B2,LH,147.00 
295,STEEL0295,High Tensile Steel,19,3,0.23,13.11,3,NC,B2,LH,147.50 
296,STEEL0296,High Tensile Steel,14,3,0.2,8.4,3,NC,B1,LH,148.00 
297,STEEL0297,Mild Steel,14,4,0.62,34.72,1,NG,B1,LH,148.50 
298,STEEL0298,Mild Steel,20,3,0.86,51.6,3,NG,B2,LH,149.00 
299,STEEL0299,Mild Steel,11,3,0.78,25.74,3,NG,B0,LH,149.50 
300,STEEL0300,High Tensile Steel,13,4,1,52,2,NG,B1,LH,150.00 
301,STEEL0301,Mild Steel,19,4,0.2,15.2,2,NC,B1,LH,150.50 
302,STEEL0302,Mild Steel,15,4,0.56,33.6,1,NC,B1,LH,151.00 
303,STEEL0303,High Tensile Steel,10,3,0.95,28.5,3,NG,B2,LH,151.50 
304,STEEL0304,Mild Steel,19,2,0.29,11.02,1,NG,B0,LH,152.00 
305,STEEL0305,Mild Steel,17,3,0.43,21.93,3,NG,B1,LH,152.50 
306,STEEL0306,Mild Steel,20,4,0.45,36,3,NG,B2,LH,153.00 
307,STEEL0307,High Tensile Steel,12,4,0.69,33.12,1,NC,B0,LH,153.50 
308,STEEL0308,High Tensile Steel,12,3,0.98,35.28,2,NG,B2,LH,154.00 
309,STEEL0309,Mild Steel,15,2,0.95,28.5,1,NG,B1,LH,154.50 
310,STEEL0310,High Tensile Steel,20,3,0.46,27.6,2,NC,B2,LH,155.00 
311,STEEL0311,High Tensile Steel,16,4,0.76,48.64,3,NG,B1,LH,155.50 
312,STEEL0312,High Tensile Steel,20,4,0.45,36,1,NC,B2,LH,156.00 
313,STEEL0313,Mild Steel,12,3,0.84,30.24,3,NC,B2,LH,156.50 
314,STEEL0314,High Tensile Steel,17,4,0.45,30.6,3,NG,B2,LH,157.00 
315,STEEL0315,High Tensile Steel,13,4,0.48,24.96,2,NG,B1,LH,157.50 
316,STEEL0316,High Tensile Steel,16,2,0.22,7.04,3,NC,B1,LH,158.00 
317,STEEL0317,High Tensile Steel,16,4,0.4,25.6,1,NG,B2,LH,158.50 
318,STEEL0318,High Tensile Steel,18,2,0.77,27.72,1,NG,B0,LH,159.00 
319,STEEL0319,High Tensile Steel,18,3,0.79,42.66,1,NG,B1,LH,159.50 
320,STEEL0320,High Tensile Steel,12,3,0.87,31.32,3,NG,B1,LH,160.00 
321,STEEL0321,Mild Steel,15,3,0.62,27.9,1,NC,B0,LH,160.50 
322,STEEL0322,High Tensile Steel,19,3,0.59,33.63,3,NG,B1,LH,161.00 
323,STEEL0323,High Tensile Steel,12,2,0.5,12,2,NG,B0,LH,161.50 
324,STEEL0324,High Tensile Steel,13,2,0.22,5.72,3,NC,B2,LH,162.00 
325,STEEL0325,Mild Steel,17,2,0.3,10.2,1,NC,B0,LH,162.50 
326,STEEL0326,High Tensile Steel,13,2,0.9,23.4,2,NG,B1,LH,163.00 
327,STEEL0327,High Tensile Steel,14,2,0.42,11.76,1,NC,B1,LH,163.50 
328,STEEL0328,High Tensile Steel,14,3,0.48,20.16,1,NC,B2,LH,164.00 
329,STEEL0329,Mild Steel,15,3,0.88,39.6,2,NC,B2,LH,164.50 
330,STEEL0330,Mild Steel,17,4,0.5,34,1,NC,B2,LH,165.00 
331,STEEL0331,High Tensile Steel,17,4,0.56,38.08,2,NG,B2,LH,165.50 
332,STEEL0332,High Tensile Steel,14,4,0.88,49.28,1,NC,B1,LH,166.00 
333,STEEL0333,Mild Steel,13,2,0.28,7.28,3,NG,B1,LH,166.50 
334,STEEL0334,High Tensile Steel,11,2,0.49,10.78,1,NC,B1,LH,167.00 
335,STEEL0335,Mild Steel,18,4,0.67,48.24,2,NG,B2,LH,167.50 
336,STEEL0336,Mild Steel,20,4,0.88,70.4,1,NG,B0,LH,168.00 
337,STEEL0337,Mild Steel,14,4,0.71,39.76,2,NG,B1,LH,168.50 
338,STEEL0338,High Tensile Steel,12,4,0.31,14.88,1,NG,B2,LH,169.00 
339,STEEL0339,High Tensile Steel,18,2,0.29,10.44,2,NC,B2,LH,169.50 
340,STEEL0340,High Tensile Steel,17,4,0.22,14.96,2,NG,B2,LH,170.00 
341,STEEL0341,High Tensile Steel,16,3,0.39,18.72,2,NC,B0,LH,170.50 
342,STEEL0342,High Tensile Steel,16,2,0.51,16.32,1,NG,B1,LH,171.00 
343,STEEL0343,High Tensile Steel,18,3,0.39,21.06,3,NG,B2,LH,171.50 
344,STEEL0344,High Tensile Steel,11,4,0.58,25.52,3,NG,B0,LH,172.00 
345,STEEL0345,Mild Steel,15,2,0.28,8.4,1,NG,B1,LH,172.50 
346,STEEL0346,Mild Steel,17,4,0.26,17.68,3,NG,B1,LH,173.00 
347,STEEL0347,Mild Steel,11,2,0.9,19.8,2,NC,B2,LH,173.50 
348,STEEL0348,Mild Steel,10,4,0.93,37.2,1,NG,B0,LH,174.00 
349,STEEL0349,High Tensile Steel,16,4,0.23,14.72,2,NC,B2,LH,174.50 
350,STEEL0350,Mild Steel,10,4,0.42,16.8,2,NC,B1,LH,175.00 
351,STEEL0351,High Tensile Steel,16,4,0.44,28.16,3,NC,B1,LH,175.50 
352,STEEL0352,Mild Steel,12,3,0.78,28.08,3,NC,B2,LH,176.00 
353,STEEL0353,Mild Steel,18,2,0.88,31.68,3,NG,B1,LH,176.50 
354,STEEL0354,Mild Steel,14,2,0.38,10.64,3,NG,B2,LH,177.00 
355,STEEL0355,High Tensile Steel,17,3,0.71,36.21,1,NG,B1,LH,177.50 
356,STEEL0356,Mild Steel,10,3,0.96,28.8,1,NC,B1,LH,178.00 
357,STEEL0357,High Tensile Steel,19,3,0.52,29.64,1,NC,B2,LH,178.50 
358,STEEL0358,High Tensile Steel,13,3,0.37,14.43,3,NG,B2,LH,179.00 
359,STEEL0359,Mild Steel,17,2,0.22,7.48,3,NG,B2,LH,179.50 
360,STEEL0360,High Tensile Steel,20,2,0.78,31.2,2,NC,B1,LH,180.00 
361,STEEL0361,High Tensile Steel,15,2,0.94,28.2,3,NC,B2,LH,180.50 
362,STEEL0362,Mild Steel,15,3,0.8,36,1,NG,B1,LH,181.00 
363,STEEL0363,High Tensile Steel,12,2,0.32,7.68,2,NG,B1,LH,181.50 
364,STEEL0364,Mild Steel,14,2,0.51,14.28,3,NC,B0,LH,182.00 
365,STEEL0365,Mild Steel,10,4,0.83,33.2,2,NC,B2,LH,182.50 
366,STEEL0366,Mild Steel,14,3,0.68,28.56,1,NG,B1,LH,183.00 
367,STEEL0367,High Tensile Steel,12,2,0.22,5.28,2,NG,B1,LH,183.50 
368,STEEL0368,Mild Steel,14,3,0.34,14.28,2,NC,B0,LH,184.00 
369,STEEL0369,High Tensile Steel,18,2,0.54,19.44,3,NC,B2,LH,184.50 
370,STEEL0370,High Tensile Steel,13,3,0.79,30.81,2,NC,B2,LH,185.00 
371,STEEL0371,High Tensile Steel,13,4,0.77,40.04,2,NC,B1,LH,185.50 
372,STEEL0372,Mild Steel,11,3,0.73,24.09,1,NG,B0,LH,186.00 
373,STEEL0373,Mild Steel,13,4,0.92,47.84,1,NG,B2,LH,186.50 
374,STEEL0374,Mild Steel,20,4,0.36,28.8,2,NG,B2,LH,187.00 
375,STEEL0375,High Tensile Steel,10,2,0.98,19.6,3,NC,B0,LH,187.50 
376,STEEL0376,High Tensile Steel,11,3,0.95,31.35,3,NG,B1,LH,188.00 
377,STEEL0377,High Tensile Steel,10,4,0.46,18.4,1,NG,B1,LH,188.50 
378,STEEL0378,Mild Steel,14,3,0.39,16.38,3,NG,B2,LH,189.00 
379,STEEL0379,High Tensile Steel,13,2,0.22,5.72,3,NG,B0,LH,189.50 
380,STEEL0380,Mild Steel,12,4,0.29,13.92,2,NC,B1,LH,190.00 
381,STEEL0381,Mild Steel,17,4,0.43,29.24,2,NC,B2,LH,190.50 
382,STEEL0382,High Tensile Steel,19,2,0.23,8.74,1,NC,B1,LH,191.00 
383,STEEL0383,High Tensile Steel,14,4,0.24,13.44,1,NC,B1,LH,191.50 
384,STEEL0384,Mild Steel,19,4,0.51,38.76,3,NC,B2,LH,192.00 
385,STEEL0385,Mild Steel,11,2,0.83,18.26,2,NC,B1,LH,192.50 
386,STEEL0386,Mild Steel,12,2,0.32,7.68,2,NG,B1,LH,193.00 
387,STEEL0387,High Tensile Steel,15,4,0.47,28.2,3,NG,B0,LH,193.50 
388,STEEL0388,High Tensile Steel,14,3,0.7,29.4,3,NC,B2,LH,194.00 
389,STEEL0389,High Tensile Steel,15,4,0.22,13.2,2,NG,B1,LH,194.50 
390,STEEL0390,Mild Steel,13,4,0.69,35.88,2,NG,B2,LH,195.00 
391,STEEL0391,High Tensile Steel,17,2,0.55,18.7,2,NG,B1,LH,195.50 
392,STEEL0392,Mild Steel,15,3,0.59,26.55,2,NC,B2,LH,196.00 
393,STEEL0393,High Tensile Steel,11,3,1,33,1,NG,B2,LH,196.50 
394,STEEL0394,Mild Steel,16,3,0.89,42.72,1,NG,B0,LH,197.00 
395,STEEL0395,Mild Steel,15,4,0.22,13.2,3,NC,B1,LH,197.50 
396,STEEL0396,Mild Steel,20,3,0.97,58.2,3,NG,B1,LH,198.00 
397,STEEL0397,Mild Steel,12,3,0.43,15.48,1,NC,B1,LH,198.50 
398,STEEL0398,Mild Steel,10,3,0.91,27.3,2,NC,B1,LH,199.00 
399,STEEL0399,High Tensile Steel,16,2,0.21,6.72,2,NG,B1,LH,199.50 
400,STEEL0400,High Tensile Steel,18,4,0.22,15.84,3,NG,B0,LH,200.00 
401,STEEL0401,Mild Steel,10,4,0.55,22,3,NG,B1,LH,200.50 
402,STEEL0402,High Tensile Steel,18,2,0.74,26.64,2,NC,B1,LH,201.00 
403,STEEL0403,Mild Steel,13,2,0.5,13,2,NG,B2,LH,201.50 
404,STEEL0404,Mild Steel,10,3,0.86,25.8,1,NC,B0,LH,202.00 
405,STEEL0405,High Tensile Steel,12,2,0.87,20.88,1,NC,B2,LH,202.50 
406,STEEL0406,Mild Steel,16,2,0.75,24,2,NC,B2,LH,203.00 
407,STEEL0407,High Tensile Steel,13,2,0.97,25.22,2,NG,B1,LH,203.50 
408,STEEL0408,High Tensile Steel,20,4,0.28,22.4,2,NC,B0,LH,204.00 
409,STEEL0409,High Tensile Steel,10,2,0.39,7.8,3,NC,B1,LH,204.50 
410,STEEL0410,Mild Steel,15,3,0.79,35.55,2,NC,B1,LH,205.00 
411,STEEL0411,High Tensile Steel,11,4,0.49,21.56,3,NG,B1,LH,205.50 
412,STEEL0412,High Tensile Steel,15,3,0.39,17.55,1,NG,B2,LH,206.00 
413,STEEL0413,High Tensile Steel,15,2,0.96,28.8,3,NC,B2,LH,206.50 
414,STEEL0414,High Tensile Steel,20,2,0.67,26.8,1,NC,B2,LH,207.00 
415,STEEL0415,High Tensile Steel,18,3,0.8,43.2,1,NG,B0,LH,207.50 
416,STEEL0416,High Tensile Steel,17,3,0.92,46.92,1,NC,B2,LH,208.00 
417,STEEL0417,Mild Steel,11,2,0.42,9.24,1,NG,B1,LH,208.50 
418,STEEL0418,High Tensile Steel,17,2,0.34,11.56,2,NC,B2,LH,209.00 
419,STEEL0419,Mild Steel,10,4,0.24,9.6,3,NG,B2,LH,209.50 
420,STEEL0420,Mild Steel,16,3,0.23,11.04,2,NG,B1,LH,210.00 
421,STEEL0421,Mild Steel,15,3,0.76,34.2,1,NC,B0,LH,210.50 
422,STEEL0422,Mild Steel,10,4,0.61,24.4,1,NG,B2,LH,211.00 
423,STEEL0423,Mild Steel,10,4,0.95,38,1,NG,B1,LH,211.50 
424,STEEL0424,High Tensile Steel,13,4,0.58,30.16,2,NG,B1,LH,212.00 
425,STEEL0425,Mild Steel,17,2,0.74,25.16,2,NC,B1,LH,212.50 
426,STEEL0426,High Tensile Steel,17,3,0.45,22.95,1,NG,B2,LH,213.00 
427,STEEL0427,High Tensile Steel,13,2,0.36,9.36,2,NG,B1,LH,213.50 
428,STEEL0428,Mild Steel,12,2,0.36,8.64,1,NG,B1,LH,214.00 
429,STEEL0429,Mild Steel,18,2,0.53,19.08,1,NG,B1,LH,214.50 
430,STEEL0430,Mild Steel,11,3,0.28,9.24,1,NC,B0,LH,215.00 
431,STEEL0431,High Tensile Steel,14,3,0.27,11.34,3,NC,B1,LH,215.50 
432,STEEL0432,Mild Steel,15,4,0.64,38.4,3,NC,B2,LH,216.00 
433,STEEL0433,Mild Steel,19,4,0.63,47.88,1,NC,B2,LH,216.50 
434,STEEL0434,High Tensile Steel,11,4,0.24,10.56,1,NC,B1,LH,217.00 
435,STEEL0435,High Tensile Steel,11,3,0.34,11.22,2,NC,B2,LH,217.50 
436,STEEL0436,Mild Steel,12,3,0.59,21.24,1,NC,B1,LH,218.00 
437,STEEL0437,High Tensile Steel,17,3,0.96,48.96,2,NC,B1,LH,218.50 
438,STEEL0438,High Tensile Steel,17,2,0.63,21.42,2,NG,B2,LH,219.00 
439,STEEL0439,Mild Steel,19,3,0.38,21.66,1,NC,B1,LH,219.50 
440,STEEL0440,High Tensile Steel,13,3,0.39,15.21,3,NG,B1,LH,220.00 
441,STEEL0441,High Tensile Steel,12,2,0.52,12.48,2,NC,B1,LH,220.50 
442,STEEL0442,Mild Steel,16,3,0.39,18.72,1,NG,B1,LH,221.00 
443,STEEL0443,Mild Steel,12,3,0.96,34.56,3,NG,B2,LH,221.50 
444,STEEL0444,High Tensile Steel,11,3,0.65,21.45,1,NC,B1,LH,222.00 
445,STEEL0445,Mild Steel,18,3,0.38,20.52,2,NC,B2,LH,222.50 
446,STEEL0446,Mild Steel,10,4,0.65,26,1,NG,B1,LH,223.00 
447,STEEL0447,Mild Steel,20,3,0.5,30,1,NC,B1,LH,223.50 
448,STEEL0448,Mild Steel,11,2,0.72,15.84,3,NC,B2,LH,224.00 
449,STEEL0449,Mild Steel,10,3,0.93,27.9,1,NG,B1,LH,224.50 
450,STEEL0450,High Tensile Steel,11,4,0.98,43.12,3,NC,B1,LH,225.00 
451,STEEL0451,High Tensile Steel,14,2,0.93,26.04,3,NG,B1,LH,225.50 
452,STEEL0452,High Tensile Steel,17,4,0.63,42.84,3,NC,B2,LH,226.00 
453,STEEL0453,High Tensile Steel,19,2,0.4,15.2,2,NG,B1,LH,226.50 
454,STEEL0454,High Tensile Steel,15,4,0.33,19.8,1,NG,B2,LH,227.00 
455,STEEL0455,High Tensile Steel,15,3,0.24,10.8,2,NC,B1,LH,227.50 
456,STEEL0456,Mild Steel,19,3,0.94,53.58,2,NG,B2,LH,228.00 
457,STEEL0457,High Tensile Steel,11,3,0.26,8.58,1,NC,B1,LH,228.50 
458,STEEL0458,Mild Steel,19,3,0.78,44.46,2,NC,B1,LH,229.00 
459,STEEL0459,Mild Steel,15,3,0.22,9.9,1,NG,B1,LH,229.50 
460,STEEL0460,Mild Steel,15,4,0.87,52.2,2,NC,B1,LH,230.00 
461,STEEL0461,High Tensile Steel,12,4,0.71,34.08,1,NG,B1,LH,230.50 
462,STEEL0462,Mild Steel,18,2,0.43,15.48,1,NC,B1,LH,231.00 
463,STEEL0463,High Tensile Steel,19,2,0.59,22.42,2,NG,B1,LH,231.50 
464,STEEL0464,High Tensile Steel,11,2,0.64,14.08,2,NG,B2,LH,232.00 
465,STEEL0465,High Tensile Steel,10,3,0.69,20.7,3,NC,B2,LH,232.50 
466,STEEL0466,Mild Steel,10,2,0.25,5,2,NG,B1,LH,233.00 
467,STEEL0467,Mild Steel,10,4,0.34,13.6,2,NC,B1,LH,233.50 
468,STEEL0468,Mild Steel,16,4,0.51,32.64,3,NG,B0,LH,234.00 
469,STEEL0469,Mild Steel,17,3,0.58,29.58,3,NG,B2,LH,234.50 
470,STEEL0470,High Tensile Steel,10,3,0.56,16.8,3,NG,B2,LH,235.00 
471,STEEL0471,Mild Steel,18,2,0.46,16.56,2,NG,B1,LH,235.50 
472,STEEL0472,High Tensile Steel,10,4,0.65,26,2,NC,B1,LH,236.00 
473,STEEL0473,High Tensile Steel,15,2,0.35,10.5,2,NG,B1,LH,236.50 
474,STEEL0474,Mild Steel,10,4,0.23,9.2,2,NC,B1,LH,237.00 
475,STEEL0475,Mild Steel,14,4,0.95,53.2,2,NC,B1,LH,237.50 
476,STEEL0476,Mild Steel,19,3,0.38,21.66,1,NG,B1,LH,238.00 
477,STEEL0477,Mild Steel,10,3,0.86,25.8,1,NG,B0,LH,238.50 
478,STEEL0478,Mild Steel,19,3,0.59,33.63,3,NG,B1,LH,239.00 
479,STEEL0479,Mild Steel,10,2,0.74,14.8,3,NG,B1,LH,239.50 
480,STEEL0480,High Tensile Steel,20,2,0.35,14,3,NG,B2,LH,240.00 
481,STEEL0481,Mild Steel,19,4,0.34,25.84,2,NG,B1,LH,240.50 
482,STEEL0482,Mild Steel,12,4,0.48,23.04,1,NG,B2,LH,241.00 
483,STEEL0483,Mild Steel,18,3,0.3,16.2,2,NC,B1,LH,241.50 
484,STEEL0484,Mild Steel,20,3,0.9,54,2,NG,B1,LH,242.00 
485,STEEL0485,Mild Steel,15,4,0.62,37.2,2,NC,B2,LH,242.50 
486,STEEL0486,Mild Steel,10,2,0.45,9,1,NG,B1,LH,243.00 
487,STEEL0487,High Tensile Steel,17,3,0.82,41.82,1,NC,B1,LH,243.50 
488,STEEL0488,High Tensile Steel,15,3,0.72,32.4,1,NG,B1,LH,244.00 
489,STEEL0489,High Tensile Steel,17,2,0.86,29.24,3,NC,B1,LH,244.50 
490,STEEL0490,Mild Steel,19,2,0.84,31.92,2,NG,B2,LH,245.00 
491,STEEL0491,High Tensile Steel,19,4,0.99,75.24,1,NG,B0,LH,245.50 
492,STEEL0492,Mild Steel,15,3,0.93,41.85,2,NG,B1,LH,246.00 
493,STEEL0493,High Tensile Steel,12,4,0.28,13.44,3,NC,B2,LH,246.50 
494,STEEL0494,High Tensile Steel,18,2,0.3,10.8,1,NC,B0,LH,247.00 
495,STEEL0495,High Tensile Steel,18,3,0.32,17.28,1,NC,B1,LH,247.50 
496,STEEL0496,Mild Steel,19,3,0.85,48.45,2,NC,B2,LH,248.00 
497,STEEL0497,High Tensile Steel,11,2,0.21,4.62,3,NC,B1,LH,248.50 
498,STEEL0498,High Tensile Steel,17,2,1,34,3,NG,B1,LH,249.00 
499,STEEL0499,Mild Steel,13,4,0.36,18.72,2,NG,B2,LH,249.50 
500,STEEL0500,Mild Steel,12,3,0.83,29.88,1,NC,B1,LH,250.00 
501,STEEL0501,High Tensile Steel,15,4,0.68,40.8,3,NG,B1,LH,250.50 
502,STEEL0502,Mild Steel,16,3,0.86,41.28,1,NC,B1,LH,251.00 
503,STEEL0503,Mild Steel,18,4,0.93,66.96,2,NC,B1,LH,251.50 
504,STEEL0504,High Tensile Steel,19,4,0.26,19.76,3,NG,B1,LH,252.00 
505,STEEL0505,Mild Steel,16,2,0.78,24.96,3,NG,B1,LH,252.50 
506,STEEL0506,High Tensile Steel,15,4,0.93,55.8,1,NC,B1,LH,253.00 
507,STEEL0507,Mild Steel,14,2,0.31,8.68,2,NC,B0,LH,253.50 
508,STEEL0508,Mild Steel,20,2,0.31,12.4,1,NG,B1,LH,254.00 
509,STEEL0509,Mild Steel,10,3,0.55,16.5,3,NG,B2,LH,254.50 
510,STEEL0510,Mild Steel,15,3,0.66,29.7,3,NG,B2,LH,255.00 
511,STEEL0511,High Tensile Steel,10,4,0.33,13.2,1,NC,B1,LH,255.50 
512,STEEL0512,High Tensile Steel,18,4,0.6,43.2,3,NG,B2,LH,256.00 
513,STEEL0513,High Tensile Steel,10,3,0.48,14.4,2,NC,B1,LH,256.50 
514,STEEL0514,Mild Steel,14,2,0.85,23.8,3,NC,B2,LH,257.00 
515,STEEL0515,Mild Steel,12,4,0.89,42.72,1,NC,B2,LH,257.50 
516,STEEL0516,High Tensile Steel,19,3,0.51,29.07,1,NG,B2,LH,258.00 
517,STEEL0517,High Tensile Steel,19,4,0.82,62.32,2,NG,B2,LH,258.50 
518,STEEL0518,High Tensile Steel,15,2,0.61,18.3,2,NG,B2,LH,259.00 
519,STEEL0519,High Tensile Steel,13,4,0.92,47.84,1,NG,B2,LH,259.50 
520,STEEL0520,Mild Steel,18,2,0.23,8.28,3,NG,B2,LH,260.00 
521,STEEL0521,Mild Steel,16,3,0.78,37.44,1,NG,B1,LH,260.50 
522,STEEL0522,High Tensile Steel,15,4,0.53,31.8,1,NC,B2,LH,261.00 
523,STEEL0523,High Tensile Steel,19,4,0.54,41.04,2,NG,B2,LH,261.50 
524,STEEL0524,Mild Steel,19,4,1,76,1,NC,B2,LH,262.00 
525,STEEL0525,High Tensile Steel,16,2,0.57,18.24,3,NC,B0,LH,262.50 
526,STEEL0526,High Tensile Steel,13,4,0.96,49.92,3,NG,B2,LH,263.00 
527,STEEL0527,Mild Steel,15,3,0.85,38.25,1,NG,B2,LH,263.50 
528,STEEL0528,Mild Steel,14,4,0.75,42,1,NC,B2,LH,264.00 
529,STEEL0529,High Tensile Steel,17,4,0.35,23.8,2,NC,B2,LH,264.50 
530,STEEL0530,High Tensile Steel,20,4,0.52,41.6,1,NG,B2,LH,265.00 
531,STEEL0531,High Tensile Steel,12,3,0.69,24.84,3,NG,B2,LH,265.50 
532,STEEL0532,High Tensile Steel,15,4,0.34,20.4,2,NC,B0,LH,266.00 
533,STEEL0533,Mild Steel,10,4,0.41,16.4,1,NG,B2,LH,266.50 
534,STEEL0534,High Tensile Steel,16,4,0.75,48,2,NC,B1,LH,267.00 
535,STEEL0535,High Tensile Steel,14,4,0.29,16.24,1,NG,B1,LH,267.50 
536,STEEL0536,Mild Steel,12,2,0.21,5.04,3,NC,B2,LH,268.00 
537,STEEL0537,High Tensile Steel,16,4,0.55,35.2,2,NG,B1,LH,268.50 
538,STEEL0538,Mild Steel,10,3,0.63,18.9,2,NG,B2,LH,269.00 
539,STEEL0539,High Tensile Steel,10,2,0.93,18.6,1,NG,B2,LH,269.50 
540,STEEL0540,High Tensile Steel,19,2,0.32,12.16,3,NC,B2,LH,270.00 
541,STEEL0541,Mild Steel,16,4,0.68,43.52,1,NG,B1,LH,270.50 
542,STEEL0542,High Tensile Steel,20,2,0.23,9.2,1,NG,B2,LH,271.00 
543,STEEL0543,Mild Steel,13,3,0.92,35.88,2,NC,B2,LH,271.50 
544,STEEL0544,High Tensile Steel,14,3,0.67,28.14,2,NC,B2,LH,272.00 
545,STEEL0545,Mild Steel,12,3,0.92,33.12,3,NC,B2,LH,272.50 
546,STEEL0546,High Tensile Steel,14,4,0.51,28.56,3,NC,B1,LH,273.00 
547,STEEL0547,Mild Steel,18,3,0.81,43.74,2,NC,B2,LH,273.50 
548,STEEL0548,High Tensile Steel,20,4,0.37,29.6,3,NC,B2,LH,274.00 
549,STEEL0549,Mild Steel,17,2,0.89,30.26,1,NG,B2,LH,274.50 
550,STEEL0550,High Tensile Steel,20,3,0.76,45.6,1,NG,B2,LH,275.00 
551,STEEL0551,Mild Steel,10,2,0.37,7.4,1,NC,B1,LH,275.50 
552,STEEL0552,High Tensile Steel,18,4,0.63,45.36,2,NC,B1,LH,276.00 
553,STEEL0553,High Tensile Steel,12,4,0.74,35.52,3,NG,B2,LH,276.50 
554,STEEL0554,High Tensile Steel,11,4,0.51,22.44,3,NG,B1,LH,277.00 
555,STEEL0555,High Tensile Steel,19,2,0.25,9.5,3,NG,B2,LH,277.50 
556,STEEL0556,Mild Steel,13,4,0.87,45.24,3,NG,B2,LH,278.00 
557,STEEL0557,Mild Steel,11,2,0.79,17.38,1,NG,B2,LH,278.50 
558,STEEL0558,High Tensile Steel,13,4,0.61,31.72,3,NG,B1,LH,279.00 
559,STEEL0559,Mild Steel,11,2,0.46,10.12,1,NG,B2,LH,279.50 
560,STEEL0560,Mild Steel,12,4,0.2,9.6,3,NC,B1,LH,280.00 
561,STEEL0561,High Tensile Steel,20,3,0.84,50.4,1,NG,B1,LH,280.50 
562,STEEL0562,Mild Steel,19,4,0.55,41.8,1,NG,B2,LH,281.00 
563,STEEL0563,Mild Steel,16,4,0.2,12.8,1,NG,B1,LH,281.50 
564,STEEL0564,Mild Steel,11,2,0.63,13.86,3,NG,B2,LH,282.00 
565,STEEL0565,Mild Steel,19,2,0.2,7.6,1,NC,B1,LH,282.50 
566,STEEL0566,High Tensile Steel,17,2,1,34,3,NG,B2,LH,283.00 
567,STEEL0567,High Tensile Steel,19,2,0.44,16.72,3,NG,B1,LH,283.50 
568,STEEL0568,High Tensile Steel,10,2,0.31,6.2,3,NG,B1,LH,284.00 
569,STEEL0569,High Tensile Steel,11,4,0.94,41.36,1,NC,B1,LH,284.50 
570,STEEL0570,Mild Steel,19,4,0.36,27.36,1,NC,B2,LH,285.00 
571,STEEL0571,Mild Steel,15,4,0.37,22.2,3,NG,B1,LH,285.50 
572,STEEL0572,High Tensile Steel,11,4,0.35,15.4,3,NC,B1,LH,286.00 
573,STEEL0573,Mild Steel,11,3,0.89,29.37,2,NG,B2,LH,286.50 
574,STEEL0574,Mild Steel,11,4,0.26,11.44,1,NG,B1,LH,287.00 
575,STEEL0575,Mild Steel,16,2,0.72,23.04,3,NC,B2,LH,287.50 
576,STEEL0576,High Tensile Steel,18,2,0.67,24.12,2,NG,B0,LH,288.00 
577,STEEL0577,High Tensile Steel,10,2,0.77,15.4,2,NC,B1,LH,288.50 
578,STEEL0578,High Tensile Steel,15,4,0.25,15,1,NC,B1,LH,289.00 
579,STEEL0579,Mild Steel,11,4,0.62,27.28,2,NC,B2,LH,289.50 
580,STEEL0580,Mild Steel,17,3,0.41,20.91,1,NG,B1,LH,290.00 
581,STEEL0581,High Tensile Steel,10,2,0.39,7.8,1,NG,B1,LH,290.50 
582,STEEL0582,High Tensile Steel,11,4,0.82,36.08,1,NC,B2,LH,291.00 
583,STEEL0583,High Tensile Steel,15,4,0.57,34.2,1,NC,B2,LH,291.50 
584,STEEL0584,High Tensile Steel,17,2,0.91,30.94,3,NC,B2,LH,292.00 
585,STEEL0585,High Tensile Steel,12,3,0.34,12.24,1,NG,B2,LH,292.50 
586,STEEL0586,High Tensile Steel,17,2,0.67,22.78,1,NG,B1,LH,293.00 
587,STEEL0587,High Tensile Steel,12,4,0.33,15.84,2,NG,B1,LH,293.50 
588,STEEL0588,High Tensile Steel,14,2,0.81,22.68,3,NC,B1,LH,294.00 
589,STEEL0589,Mild Steel,11,3,0.53,17.49,2,NC,B1,LH,294.50 
590,STEEL0590,High Tensile Steel,20,4,0.78,62.4,1,NC,B2,LH,295.00 
591,STEEL0591,Mild Steel,16,2,0.37,11.84,2,NG,B2,LH,295.50 
592,STEEL0592,Mild Steel,16,2,0.77,24.64,1,NC,B1,LH,296.00 
593,STEEL0593,High Tensile Steel,17,4,0.83,56.44,1,NC,B1,LH,296.50 
594,STEEL0594,Mild Steel,12,3,0.58,20.88,2,NG,B2,LH,297.00 
595,STEEL0595,High Tensile Steel,10,4,0.34,13.6,3,NG,B2,LH,297.50 
596,STEEL0596,Mild Steel,19,2,0.91,34.58,1,NC,B2,LH,298.00 
597,STEEL0597,High Tensile Steel,14,2,0.56,15.68,3,NG,B2,LH,298.50 
598,STEEL0598,Mild Steel,15,2,0.6,18,1,NC,B0,LH,299.00 
599,STEEL0599,Mild Steel,15,2,0.86,25.8,2,NC,B1,LH,299.50 
600,STEEL0600,Mild Steel,12,3,0.72,25.92,1,NG,B1,LH,300.00 
601,STEEL0601,Mild Steel,15,3,0.86,38.7,1,NC,B2,LH,300.50 
602,STEEL0602,High Tensile Steel,15,2,0.69,20.7,2,NC,B2,LH,301.00 
603,STEEL0603,High Tensile Steel,15,2,0.73,21.9,3,NG,B2,LH,301.50 
604,STEEL0604,High Tensile Steel,20,3,0.45,27,1,NC,B1,LH,302.00 
605,STEEL0605,Mild Steel,17,3,0.58,29.58,3,NG,B2,LH,302.50 
606,STEEL0606,High Tensile Steel,12,2,0.74,17.76,2,NG,B1,LH,303.00 
607,STEEL0607,High Tensile Steel,14,3,0.62,26.04,1,NG,B2,LH,303.50 
608,STEEL0608,High Tensile Steel,15,2,0.72,21.6,1,NG,B1,LH,304.00 
609,STEEL0609,High Tensile Steel,17,2,0.65,22.1,3,NC,B1,LH,304.50 
610,STEEL0610,Mild Steel,20,4,0.8,64,1,NG,B2,LH,305.00 
611,STEEL0611,Mild Steel,18,4,0.46,33.12,3,NG,B2,LH,305.50 
612,STEEL0612,High Tensile Steel,12,3,0.68,24.48,1,NC,B2,LH,306.00 
613,STEEL0613,Mild Steel,19,2,0.51,19.38,2,NG,B2,LH,306.50 
614,STEEL0614,Mild Steel,14,4,0.55,30.8,2,NG,B2,LH,307.00 
615,STEEL0615,High Tensile Steel,19,3,0.45,25.65,1,NC,B2,LH,307.50 
616,STEEL0616,Mild Steel,10,2,0.92,18.4,3,NG,B2,LH,308.00 
617,STEEL0617,High Tensile Steel,17,3,0.79,40.29,1,NC,B1,LH,308.50 
618,STEEL0618,High Tensile Steel,15,3,0.48,21.6,3,NG,B2,LH,309.00 
619,STEEL0619,High Tensile Steel,14,2,0.49,13.72,3,NG,B2,LH,309.50 
620,STEEL0620,High Tensile Steel,19,4,0.91,69.16,2,NC,B2,LH,310.00 
621,STEEL0621,High Tensile Steel,19,4,0.96,72.96,2,NG,B0,LH,310.50 
622,STEEL0622,High Tensile Steel,11,3,0.45,14.85,1,NG,B2,LH,311.00 
623,STEEL0623,Mild Steel,13,2,0.76,19.76,2,NG,B1,LH,311.50 
624,STEEL0624,Mild Steel,12,3,0.88,31.68,1,NG,B2,LH,312.00 
625,STEEL0625,Mild Steel,15,4,0.58,34.8,3,NC,B2,LH,312.50 
626,STEEL0626,High Tensile Steel,11,2,0.79,17.38,2,NG,B1,LH,313.00 
627,STEEL0627,High Tensile Steel,14,4,0.34,19.04,1,NC,B2,LH,313.50 
628,STEEL0628,Mild Steel,16,4,0.76,48.64,3,NG,B2,LH,314.00 
629,STEEL0629,High Tensile Steel,14,4,0.29,16.24,1,NG,B2,LH,314.50 
630,STEEL0630,High Tensile Steel,14,3,0.22,9.24,1,NC,B1,LH,315.00 
631,STEEL0631,High Tensile Steel,16,2,0.32,10.24,1,NC,B2,LH,315.50 
632,STEEL0632,Mild Steel,17,3,0.71,36.21,2,NG,B2,LH,316.00 
633,STEEL0633,Mild Steel,11,4,0.69,30.36,2,NG,B1,LH,316.50 
634,STEEL0634,High Tensile Steel,14,2,0.23,6.44,1,NC,B2,LH,317.00 
635,STEEL0635,High Tensile Steel,14,2,0.88,24.64,2,NC,B2,LH,317.50 
636,STEEL0636,Mild Steel,14,2,0.56,15.68,2,NC,B1,LH,318.00 
637,STEEL0637,High Tensile Steel,15,2,0.85,25.5,3,NG,B2,LH,318.50 
638,STEEL0638,High Tensile Steel,18,3,0.23,12.42,1,NC,B1,LH,319.00 
639,STEEL0639,Mild Steel,18,4,0.34,24.48,3,NG,B2,LH,319.50 
640,STEEL0640,Mild Steel,20,2,0.45,18,3,NC,B2,LH,320.00 
641,STEEL0641,Mild Steel,15,3,0.94,42.3,3,NC,B2,LH,320.50 
642,STEEL0642,Mild Steel,10,2,0.21,4.2,1,NC,B2,LH,321.00 
643,STEEL0643,Mild Steel,19,4,0.37,28.12,2,NG,B2,LH,321.50 
644,STEEL0644,Mild Steel,20,2,0.88,35.2,2,NC,B1,LH,322.00 
645,STEEL0645,Mild Steel,15,3,0.39,17.55,1,NC,B1,LH,322.50 
646,STEEL0646,High Tensile Steel,14,4,0.92,51.52,2,NC,B1,LH,323.00 
647,STEEL0647,High Tensile Steel,20,4,0.94,75.2,1,NG,B1,LH,323.50 
648,STEEL0648,High Tensile Steel,15,4,0.22,13.2,2,NC,B1,LH,324.00 
649,STEEL0649,High Tensile Steel,11,2,0.7,15.4,3,NC,B1,LH,324.50 
650,STEEL0650,Mild Steel,17,4,0.48,32.64,3,NG,B1,LH,325.00 
651,STEEL0651,Mild Steel,16,2,0.94,30.08,2,NC,B2,LH,325.50 
652,STEEL0652,Mild Steel,11,3,0.68,22.44,3,NC,B2,LH,326.00 
653,STEEL0653,High Tensile Steel,11,2,0.52,11.44,3,NG,B1,LH,326.50 
654,STEEL0654,High Tensile Steel,17,4,0.71,48.28,2,NG,B2,LH,327.00 
655,STEEL0655,Mild Steel,13,4,0.87,45.24,1,NG,B1,LH,327.50 
656,STEEL0656,High Tensile Steel,18,3,0.31,16.74,3,NG,B2,LH,328.00 
657,STEEL0657,Mild Steel,15,3,0.22,9.9,1,NG,B0,LH,328.50 
658,STEEL0658,High Tensile Steel,14,2,0.25,7,2,NC,B2,LH,329.00 
659,STEEL0659,High Tensile Steel,18,2,0.49,17.64,3,NC,B0,LH,329.50 
660,STEEL0660,High Tensile Steel,16,4,0.37,23.68,2,NG,B2,LH,330.00 
661,STEEL0661,Mild Steel,12,4,0.23,11.04,1,NG,B2,LH,330.50 
662,STEEL0662,Mild Steel,14,4,0.89,49.84,3,NG,B2,LH,331.00 
663,STEEL0663,High Tensile Steel,16,3,0.59,28.32,3,NC,B1,LH,331.50 
664,STEEL0664,High Tensile Steel,17,4,0.38,25.84,2,NG,B1,LH,332.00 
665,STEEL0665,High Tensile Steel,17,2,0.98,33.32,2,NC,B1,LH,332.50 
666,STEEL0666,High Tensile Steel,15,2,0.69,20.7,2,NG,B1,LH,333.00 
667,STEEL0667,Mild Steel,14,2,0.72,20.16,2,NC,B1,LH,333.50 
668,STEEL0668,High Tensile Steel,20,3,0.47,28.2,3,NG,B2,LH,334.00 
669,STEEL0669,Mild Steel,15,3,0.91,40.95,3,NG,B2,LH,334.50 
670,STEEL0670,Mild Steel,16,3,0.58,27.84,1,NG,B1,LH,335.00 
671,STEEL0671,High Tensile Steel,16,3,0.27,12.96,2,NC,B1,LH,335.50 
672,STEEL0672,High Tensile Steel,15,4,0.98,58.8,2,NG,B1,LH,336.00 
673,STEEL0673,Mild Steel,14,4,0.98,54.88,1,NG,B1,LH,336.50 
674,STEEL0674,Mild Steel,15,2,0.67,20.1,1,NG,B2,LH,337.00 
675,STEEL0675,High Tensile Steel,12,2,0.69,16.56,3,NC,B2,LH,337.50 
676,STEEL0676,High Tensile Steel,10,3,0.5,15,1,NG,B2,LH,338.00 
677,STEEL0677,Mild Steel,18,2,0.9,32.4,1,NC,B2,LH,338.50 
678,STEEL0678,Mild Steel,19,2,0.33,12.54,1,NG,B2,LH,339.00 
679,STEEL0679,Mild Steel,19,3,0.79,45.03,1,NC,B2,LH,339.50 
680,STEEL0680,Mild Steel,16,4,0.97,62.08,2,NG,B2,LH,340.00 
681,STEEL0681,High Tensile Steel,10,4,0.37,14.8,1,NC,B2,LH,340.50 
682,STEEL0682,Mild Steel,18,3,0.57,30.78,3,NC,B1,LH,341.00 
683,STEEL0683,Mild Steel,13,2,0.5,13,3,NG,B2,LH,341.50 
684,STEEL0684,High Tensile Steel,11,3,0.31,10.23,1,NC,B2,LH,342.00 
685,STEEL0685,High Tensile Steel,19,3,0.81,46.17,1,NC,B1,LH,342.50 
686,STEEL0686,High Tensile Steel,15,3,0.71,31.95,2,NC,B2,LH,343.00 
687,STEEL0687,High Tensile Steel,13,4,0.89,46.28,2,NC,B2,LH,343.50 
688,STEEL0688,Mild Steel,18,2,0.72,25.92,1,NG,B1,LH,344.00 
689,STEEL0689,High Tensile Steel,15,4,0.79,47.4,1,NC,B1,LH,344.50 
690,STEEL0690,High Tensile Steel,11,4,0.44,19.36,1,NG,B2,LH,345.00 
691,STEEL0691,High Tensile Steel,10,2,0.28,5.6,1,NC,B2,LH,345.50 
692,STEEL0692,Mild Steel,10,3,0.3,9,3,NC,B2,LH,346.00 
693,STEEL0693,Mild Steel,15,3,0.4,18,3,NC,B2,LH,346.50 
694,STEEL0694,Mild Steel,17,3,0.9,45.9,2,NC,B2,LH,347.00 
695,STEEL0695,High Tensile Steel,12,4,0.22,10.56,2,NG,B2,LH,347.50 
696,STEEL0696,Mild Steel,17,4,0.59,40.12,3,NG,B1,LH,348.00 
697,STEEL0697,Mild Steel,13,2,0.38,9.88,3,NC,B2,LH,348.50 
698,STEEL0698,Mild Steel,13,2,0.42,10.92,3,NC,B2,LH,349.00 
699,STEEL0699,High Tensile Steel,17,4,0.74,50.32,3,NC,B1,LH,349.50 
700,STEEL0700,High Tensile Steel,19,4,0.64,48.64,3,NG,B2,LH,350.00 
701,STEEL0701,High Tensile Steel,17,3,0.24,12.24,1,NG,B2,LH,350.50 
702,STEEL0702,High Tensile Steel,19,3,0.43,24.51,2,NG,B2,LH,351.00 
703,STEEL0703,High Tensile Steel,10,3,0.48,14.4,1,NG,B2,LH,351.50 
704,STEEL0704,High Tensile Steel,16,3,0.65,31.2,3,NG,B2,LH,352.00 
705,STEEL0705,High Tensile Steel,18,2,0.24,8.64,1,NG,B1,LH,352.50 
706,STEEL0706,High Tensile Steel,18,4,0.95,68.4,1,NC,B1,LH,353.00 
707,STEEL0707,Mild Steel,10,3,0.28,8.4,3,NC,B2,LH,353.50 
708,STEEL0708,High Tensile Steel,12,4,0.91,43.68,2,NC,B1,LH,354.00 
709,STEEL0709,High Tensile Steel,18,2,0.81,29.16,2,NC,B1,LH,354.50 
710,STEEL0710,Mild Steel,12,4,0.75,36,1,NG,B0,LH,355.00 
711,STEEL0711,High Tensile Steel,13,3,0.55,21.45,3,NG,B1,LH,355.50 
712,STEEL0712,High Tensile Steel,16,4,0.99,63.36,2,NG,B2,LH,356.00 
713,STEEL0713,Mild Steel,20,2,0.84,33.6,3,NC,B2,LH,356.50 
714,STEEL0714,Mild Steel,13,4,0.58,30.16,2,NC,B2,LH,357.00 
715,STEEL0715,High Tensile Steel,15,4,0.57,34.2,2,NC,B1,LH,357.50 
716,STEEL0716,Mild Steel,20,4,0.93,74.4,2,NG,B2,LH,358.00 
717,STEEL0717,High Tensile Steel,16,2,0.34,10.88,3,NC,B1,LH,358.50 
718,STEEL0718,Mild Steel,11,4,0.43,18.92,2,NG,B1,LH,359.00 
719,STEEL0719,High Tensile Steel,20,4,0.59,47.2,1,NC,B1,LH,359.50 
720,STEEL0720,Mild Steel,10,4,0.86,34.4,3,NG,B2,LH,360.00 
721,STEEL0721,High Tensile Steel,19,4,0.29,22.04,1,NG,B1,LH,360.50 
722,STEEL0722,Mild Steel,13,3,0.49,19.11,3,NC,B2,LH,361.00 
723,STEEL0723,Mild Steel,19,3,0.9,51.3,3,NC,B2,LH,361.50 
724,STEEL0724,Mild Steel,10,2,0.27,5.4,2,NC,B1,LH,362.00 
725,STEEL0725,High Tensile Steel,11,4,0.33,14.52,3,NG,B2,LH,362.50 
726,STEEL0726,Mild Steel,11,2,0.58,12.76,1,NG,B1,LH,363.00 
727,STEEL0727,High Tensile Steel,20,2,0.82,32.8,2,NC,B2,LH,363.50 
728,STEEL0728,Mild Steel,12,3,0.89,32.04,1,NC,B1,LH,364.00 
729,STEEL0729,High Tensile Steel,18,4,0.63,45.36,3,NC,B1,LH,364.50 
730,STEEL0730,High Tensile Steel,19,2,0.41,15.58,1,NG,B2,LH,365.00 
731,STEEL0731,Mild Steel,18,3,0.47,25.38,3,NG,B2,LH,365.50 
732,STEEL0732,Mild Steel,11,4,0.39,17.16,1,NG,B2,LH,366.00 
733,STEEL0733,High Tensile Steel,11,4,0.35,15.4,1,NC,B2,LH,366.50 
734,STEEL0734,High Tensile Steel,20,3,0.44,26.4,2,NG,B2,LH,367.00 
735,STEEL0735,High Tensile Steel,12,4,0.79,37.92,2,NC,B2,LH,367.50 
736,STEEL0736,Mild Steel,17,3,0.35,17.85,2,NG,B2,LH,368.00 
737,STEEL0737,High Tensile Steel,17,3,0.59,30.09,2,NG,B2,LH,368.50 
738,STEEL0738,Mild Steel,11,2,0.41,9.02,1,NC,B2,LH,369.00 
739,STEEL0739,Mild Steel,19,2,0.26,9.88,3,NC,B2,LH,369.50 
740,STEEL0740,Mild Steel,11,4,0.69,30.36,3,NG,B1,LH,370.00 
741,STEEL0741,Mild Steel,12,2,0.41,9.84,3,NC,B2,LH,370.50 
742,STEEL0742,High Tensile Steel,18,4,0.64,46.08,1,NC,B2,LH,371.00 
743,STEEL0743,High Tensile Steel,18,4,0.93,66.96,1,NG,B2,LH,371.50 
744,STEEL0744,High Tensile Steel,14,2,0.77,21.56,3,NC,B2,LH,372.00 
745,STEEL0745,High Tensile Steel,19,3,0.29,16.53,3,NG,B2,LH,372.50 
746,STEEL0746,Mild Steel,11,2,0.23,5.06,3,NG,B1,LH,373.00 
747,STEEL0747,Mild Steel,13,2,0.54,14.04,3,NG,B2,LH,373.50 
748,STEEL0748,Mild Steel,20,3,0.79,47.4,1,NG,B2,LH,374.00 
749,STEEL0749,High Tensile Steel,20,4,0.21,16.8,2,NC,B2,LH,374.50 
750,STEEL0750,Mild Steel,13,3,0.67,26.13,3,NG,B1,LH,375.00 
751,STEEL0751,High Tensile Steel,10,2,0.88,17.6,1,NC,B0,LH,375.50 
752,STEEL0752,Mild Steel,11,4,1,44,1,NG,B0,LH,376.00 
753,STEEL0753,Mild Steel,17,3,0.6,30.6,3,NG,B2,LH,376.50 
754,STEEL0754,High Tensile Steel,13,4,0.64,33.28,1,NG,B2,LH,377.00 
755,STEEL0755,High Tensile Steel,16,2,0.61,19.52,1,NG,B2,LH,377.50 
756,STEEL0756,High Tensile Steel,19,2,0.47,17.86,3,NG,B2,LH,378.00 
757,STEEL0757,Mild Steel,16,4,0.67,42.88,3,NG,B2,LH,378.50 
758,STEEL0758,High Tensile Steel,12,2,0.87,20.88,3,NC,B2,LH,379.00 
759,STEEL0759,High Tensile Steel,14,3,0.77,32.34,3,NC,B1,LH,379.50 
760,STEEL0760,High Tensile Steel,11,2,0.35,7.7,2,NC,B1,LH,380.00 
761,STEEL0761,Mild Steel,19,2,0.4,15.2,2,NC,B2,LH,380.50 
762,STEEL0762,High Tensile Steel,14,3,0.27,11.34,3,NC,B2,LH,381.00 
763,STEEL0763,High Tensile Steel,19,2,0.99,37.62,2,NC,B2,LH,381.50 
764,STEEL0764,High Tensile Steel,11,2,0.69,15.18,2,NC,B1,LH,382.00 
765,STEEL0765,High Tensile Steel,11,4,0.61,26.84,2,NC,B2,LH,382.50 
766,STEEL0766,High Tensile Steel,10,4,0.46,18.4,3,NC,B2,LH,383.00 
767,STEEL0767,Mild Steel,12,4,0.36,17.28,1,NC,B2,LH,383.50 
768,STEEL0768,Mild Steel,16,2,0.97,31.04,1,NC,B2,LH,384.00 
769,STEEL0769,High Tensile Steel,19,2,0.68,25.84,3,NC,B1,LH,384.50 
770,STEEL0770,Mild Steel,17,2,0.61,20.74,3,NG,B2,LH,385.00 
771,STEEL0771,High Tensile Steel,19,4,0.93,70.68,2,NC,B2,LH,385.50 
772,STEEL0772,High Tensile Steel,17,3,0.96,48.96,3,NC,B1,LH,386.00 
773,STEEL0773,High Tensile Steel,15,2,0.34,10.2,2,NC,B2,LH,386.50 
774,STEEL0774,High Tensile Steel,14,4,0.4,22.4,2,NC,B1,LH,387.00 
775,STEEL0775,Mild Steel,19,3,0.47,26.79,1,NC,B1,LH,387.50 
776,STEEL0776,Mild Steel,16,3,0.24,11.52,2,NG,B2,LH,388.00 
777,STEEL0777,High Tensile Steel,12,3,0.64,23.04,3,NG,B2,LH,388.50 
778,STEEL0778,Mild Steel,19,2,0.53,20.14,3,NC,B1,LH,389.00 
779,STEEL0779,Mild Steel,12,4,0.91,43.68,3,NG,B1,LH,389.50 
780,STEEL0780,Mild Steel,13,3,0.41,15.99,3,NC,B2,LH,390.00 
781,STEEL0781,High Tensile Steel,17,4,0.5,34,3,NG,B2,LH,390.50 
782,STEEL0782,Mild Steel,15,4,0.87,52.2,2,NG,B2,LH,391.00 
783,STEEL0783,High Tensile Steel,18,3,0.29,15.66,2,NC,B1,LH,391.50 
784,STEEL0784,High Tensile Steel,17,3,0.44,22.44,2,NG,B2,LH,392.00 
785,STEEL0785,Mild Steel,12,4,0.49,23.52,2,NC,B1,LH,392.50 
786,STEEL0786,High Tensile Steel,17,2,0.31,10.54,1,NG,B1,LH,393.00 
787,STEEL0787,High Tensile Steel,17,3,0.57,29.07,1,NC,B1,LH,393.50 
788,STEEL0788,High Tensile Steel,17,3,0.81,41.31,2,NC,B2,LH,394.00 
789,STEEL0789,Mild Steel,12,4,0.51,24.48,3,NG,B2,LH,394.50 
790,STEEL0790,High Tensile Steel,12,4,0.66,31.68,2,NC,B1,LH,395.00 
791,STEEL0791,High Tensile Steel,15,4,1,60,3,NC,B1,LH,395.50 
792,STEEL0792,High Tensile Steel,18,4,0.88,63.36,2,NG,B1,LH,396.00 
793,STEEL0793,Mild Steel,13,2,0.37,9.62,3,NG,B1,LH,396.50 
794,STEEL0794,Mild Steel,12,4,0.37,17.76,2,NG,B1,LH,397.00 
795,STEEL0795,High Tensile Steel,12,3,0.56,20.16,2,NC,B1,LH,397.50 
796,STEEL0796,High Tensile Steel,18,2,0.99,35.64,3,NC,B2,LH,398.00 
797,STEEL0797,High Tensile Steel,10,3,0.97,29.1,3,NC,B2,LH,398.50 
798,STEEL0798,Mild Steel,10,3,0.48,14.4,2,NC,B2,LH,399.00 
799,STEEL0799,Mild Steel,18,2,1,36,2,NG,B1,LH,399.50 
800,STEEL0800,Mild Steel,18,3,0.88,47.52,3,NC,B1,LH,400.00 
801,STEEL0801,High Tensile Steel,12,4,0.42,20.16,3,NG,B1,LH,400.50 
802,STEEL0802,High Tensile Steel,20,3,0.72,43.2,1,NG,B2,LH,401.00 
803,STEEL0803,Mild Steel,11,3,0.26,8.58,1,NG,B1,LH,401.50 
804,STEEL0804,Mild Steel,20,3,0.91,54.6,1,NC,B2,LH,402.00 
805,STEEL0805,Mild Steel,17,3,0.78,39.78,1,NG,B1,LH,402.50 
806,STEEL0806,High Tensile Steel,19,3,0.99,56.43,1,NC,B1,LH,403.00 
807,STEEL0807,Mild Steel,13,3,0.9,35.1,3,NC,B2,LH,403.50 
808,STEEL0808,High Tensile Steel,18,4,0.81,58.32,2,NC,B1,LH,404.00 
809,STEEL0809,Mild Steel,12,4,0.22,10.56,3,NC,B2,LH,404.50 
810,STEEL0810,Mild Steel,12,3,0.98,35.28,1,NC,B0,LH,405.00 
811,STEEL0811,High Tensile Steel,20,4,0.83,66.4,3,NG,B2,LH,405.50 
812,STEEL0812,High Tensile Steel,18,3,0.26,14.04,1,NC,B2,LH,406.00 
813,STEEL0813,High Tensile Steel,11,4,0.28,12.32,3,NC,B1,LH,406.50 
814,STEEL0814,High Tensile Steel,18,3,0.36,19.44,3,NC,B2,LH,407.00 
815,STEEL0815,High Tensile Steel,14,2,0.38,10.64,3,NC,B1,LH,407.50 
816,STEEL0816,High Tensile Steel,15,3,0.64,28.8,1,NG,B1,LH,408.00 
817,STEEL0817,Mild Steel,13,4,0.4,20.8,3,NG,B2,LH,408.50 
818,STEEL0818,High Tensile Steel,20,2,0.86,34.4,2,NC,B1,LH,409.00 
819,STEEL0819,High Tensile Steel,10,2,0.57,11.4,2,NG,B2,LH,409.50 
820,STEEL0820,High Tensile Steel,19,3,0.95,54.15,3,NC,B2,LH,410.00 
821,STEEL0821,Mild Steel,20,2,0.57,22.8,1,NG,B2,LH,410.50 
822,STEEL0822,Mild Steel,13,3,0.57,22.23,2,NG,B1,LH,411.00 
823,STEEL0823,High Tensile Steel,13,4,0.43,22.36,2,NC,B1,LH,411.50 
824,STEEL0824,Mild Steel,10,2,0.82,16.4,2,NC,B1,LH,412.00 
825,STEEL0825,Mild Steel,13,2,0.74,19.24,1,NC,B1,LH,412.50 
826,STEEL0826,High Tensile Steel,10,3,0.59,17.7,3,NC,B1,LH,413.00 
827,STEEL0827,Mild Steel,14,3,0.71,29.82,1,NG,B1,LH,413.50 
828,STEEL0828,Mild Steel,14,4,0.31,17.36,2,NC,B1,LH,414.00 
829,STEEL0829,Mild Steel,16,2,0.84,26.88,2,NC,B1,LH,414.50 
830,STEEL0830,High Tensile Steel,11,3,0.97,32.01,2,NG,B1,LH,415.00 
831,STEEL0831,Mild Steel,10,2,0.22,4.4,1,NC,B1,LH,415.50 
832,STEEL0832,Mild Steel,16,3,0.84,40.32,1,NC,B2,LH,416.00 
833,STEEL0833,Mild Steel,17,3,0.86,43.86,3,NC,B1,LH,416.50 
834,STEEL0834,High Tensile Steel,18,2,0.85,30.6,2,NG,B1,LH,417.00 
835,STEEL0835,Mild Steel,14,2,0.58,16.24,1,NG,B0,LH,417.50 
836,STEEL0836,High Tensile Steel,10,2,0.95,19,2,NG,B1,LH,418.00 
837,STEEL0837,Mild Steel,15,3,0.38,17.1,1,NC,B2,LH,418.50 
838,STEEL0838,High Tensile Steel,19,2,0.93,35.34,2,NC,B1,LH,419.00 
839,STEEL0839,High Tensile Steel,19,2,0.39,14.82,1,NC,B1,LH,419.50 
840,STEEL0840,High Tensile Steel,11,2,0.98,21.56,1,NC,B1,LH,420.00 
841,STEEL0841,Mild Steel,19,2,0.39,14.82,2,NG,B2,LH,420.50 
842,STEEL0842,Mild Steel,19,3,0.5,28.5,3,NG,B1,LH,421.00 
843,STEEL0843,High Tensile Steel,16,4,0.82,52.48,2,NC,B2,LH,421.50 
844,STEEL0844,Mild Steel,17,2,0.7,23.8,1,NG,B1,LH,422.00 
845,STEEL0845,Mild Steel,10,3,0.87,26.1,2,NG,B2,LH,422.50 
846,STEEL0846,High Tensile Steel,12,2,0.56,13.44,2,NC,B2,LH,423.00 
847,STEEL0847,Mild Steel,20,2,0.5,20,2,NC,B1,LH,423.50 
848,STEEL0848,Mild Steel,15,3,0.56,25.2,2,NC,B1,LH,424.00 
849,STEEL0849,High Tensile Steel,18,3,0.91,49.14,1,NG,B1,LH,424.50 
850,STEEL0850,Mild Steel,11,3,0.71,23.43,2,NC,B2,LH,425.00 
851,STEEL0851,Mild Steel,19,3,0.7,39.9,1,NG,B1,LH,425.50 
852,STEEL0852,Mild Steel,16,3,0.22,10.56,3,NG,B1,LH,426.00 
853,STEEL0853,High Tensile Steel,18,2,0.92,33.12,2,NC,B1,LH,426.50 
854,STEEL0854,High Tensile Steel,17,2,0.32,10.88,1,NC,B1,LH,427.00 
855,STEEL0855,Mild Steel,10,2,0.46,9.2,2,NG,B2,LH,427.50 
856,STEEL0856,High Tensile Steel,13,4,0.63,32.76,1,NC,B1,LH,428.00 
857,STEEL0857,Mild Steel,17,3,0.89,45.39,2,NC,B1,LH,428.50 
858,STEEL0858,High Tensile Steel,10,4,0.5,20,1,NC,B1,LH,429.00 
859,STEEL0859,High Tensile Steel,14,4,0.88,49.28,2,NC,B1,LH,429.50 
860,STEEL0860,Mild Steel,14,4,0.84,47.04,1,NG,B0,LH,430.00 
861,STEEL0861,Mild Steel,15,3,0.26,11.7,3,NC,B1,LH,430.50 
862,STEEL0862,High Tensile Steel,10,2,0.66,13.2,1,NG,B1,LH,431.00 
863,STEEL0863,Mild Steel,14,4,0.9,50.4,1,NC,B0,LH,431.50 
864,STEEL0864,High Tensile Steel,20,3,0.84,50.4,1,NG,B1,LH,432.00 
865,STEEL0865,High Tensile Steel,20,2,0.83,33.2,3,NC,B1,LH,432.50 
866,STEEL0866,Mild Steel,10,2,0.67,13.4,1,NG,B2,LH,433.00 
867,STEEL0867,High Tensile Steel,17,4,0.51,34.68,2,NG,B2,LH,433.50 
868,STEEL0868,High Tensile Steel,19,2,0.93,35.34,2,NG,B1,LH,434.00 
869,STEEL0869,High Tensile Steel,15,2,0.78,23.4,2,NG,B1,LH,434.50 
870,STEEL0870,High Tensile Steel,20,4,0.23,18.4,3,NC,B2,LH,435.00 
871,STEEL0871,High Tensile Steel,16,4,0.79,50.56,2,NC,B2,LH,435.50 
872,STEEL0872,High Tensile Steel,14,4,0.93,52.08,2,NC,B1,LH,436.00 
873,STEEL0873,Mild Steel,17,3,0.39,19.89,2,NC,B1,LH,436.50 
874,STEEL0874,Mild Steel,12,2,0.82,19.68,3,NC,B1,LH,437.00 
875,STEEL0875,Mild Steel,11,3,0.92,30.36,1,NC,B1,LH,437.50 
876,STEEL0876,Mild Steel,18,4,0.75,54,2,NC,B1,LH,438.00 
877,STEEL0877,Mild Steel,13,2,0.74,19.24,3,NC,B2,LH,438.50 
878,STEEL0878,High Tensile Steel,14,4,0.67,37.52,3,NG,B1,LH,439.00 
879,STEEL0879,Mild Steel,14,2,0.66,18.48,2,NC,B1,LH,439.50 
880,STEEL0880,High Tensile Steel,16,2,0.58,18.56,3,NC,B1,LH,440.00 
881,STEEL0881,Mild Steel,17,3,0.42,21.42,2,NG,B2,LH,440.50 
882,STEEL0882,Mild Steel,15,4,0.32,19.2,3,NG,B2,LH,441.00 
883,STEEL0883,High Tensile Steel,20,2,0.53,21.2,3,NG,B1,LH,441.50 
884,STEEL0884,Mild Steel,13,3,0.44,17.16,1,NC,B2,LH,442.00 
885,STEEL0885,High Tensile Steel,13,2,0.78,20.28,2,NC,B2,LH,442.50 
886,STEEL0886,Mild Steel,11,4,0.46,20.24,3,NG,B1,LH,443.00 
887,STEEL0887,High Tensile Steel,15,4,0.85,51,3,NC,B2,LH,443.50 
888,STEEL0888,Mild Steel,15,3,0.34,15.3,2,NG,B1,LH,444.00 
889,STEEL0889,Mild Steel,19,4,0.74,56.24,2,NG,B2,LH,444.50 
890,STEEL0890,Mild Steel,17,4,0.63,42.84,2,NC,B1,LH,445.00 
891,STEEL0891,High Tensile Steel,20,3,0.29,17.4,1,NG,B0,LH,445.50 
892,STEEL0892,Mild Steel,15,4,0.42,25.2,1,NC,B2,LH,446.00 
893,STEEL0893,Mild Steel,15,4,0.96,57.6,1,NC,B1,LH,446.50 
894,STEEL0894,High Tensile Steel,15,4,0.88,52.8,2,NG,B1,LH,447.00 
895,STEEL0895,Mild Steel,15,3,0.23,10.35,3,NC,B0,LH,447.50 
896,STEEL0896,Mild Steel,17,4,0.98,66.64,1,NC,B1,LH,448.00 
897,STEEL0897,High Tensile Steel,12,3,0.87,31.32,1,NC,B1,LH,448.50 
898,STEEL0898,High Tensile Steel,19,3,0.36,20.52,1,NC,B1,LH,449.00 
899,STEEL0899,High Tensile Steel,17,2,0.44,14.96,2,NC,B2,LH,449.50 
900,STEEL0900,High Tensile Steel,17,3,0.62,31.62,2,NC,B2,LH,450.00 
901,STEEL0901,Mild Steel,12,4,0.67,32.16,3,NC,B2,LH,450.50 
902,STEEL0902,Mild Steel,16,3,0.9,43.2,2,NG,B1,LH,451.00 
903,STEEL0903,Mild Steel,14,4,0.45,25.2,2,NC,B1,LH,451.50 
904,STEEL0904,Mild Steel,14,2,0.73,20.44,3,NG,B2,LH,452.00 
905,STEEL0905,High Tensile Steel,15,4,0.3,18,1,NC,B1,LH,452.50 
906,STEEL0906,High Tensile Steel,11,2,0.81,17.82,2,NG,B1,LH,453.00 
907,STEEL0907,Mild Steel,14,4,0.85,47.6,1,NC,B1,LH,453.50 
908,STEEL0908,Mild Steel,11,3,0.94,31.02,2,NC,B2,LH,454.00 
909,STEEL0909,Mild Steel,15,4,1,60,1,NC,B2,LH,454.50 
910,STEEL0910,Mild Steel,20,2,0.28,11.2,2,NG,B1,LH,455.00 
911,STEEL0911,Mild Steel,13,2,0.36,9.36,3,NG,B2,LH,455.50 
912,STEEL0912,Mild Steel,18,2,0.2,7.2,2,NG,B2,LH,456.00 
913,STEEL0913,Mild Steel,15,2,0.8,24,3,NG,B1,LH,456.50 
914,STEEL0914,Mild Steel,17,2,0.3,10.2,1,NG,B2,LH,457.00 
915,STEEL0915,High Tensile Steel,13,4,0.57,29.64,2,NC,B1,LH,457.50 
916,STEEL0916,High Tensile Steel,16,3,0.85,40.8,3,NG,B2,LH,458.00 
917,STEEL0917,Mild Steel,10,2,0.74,14.8,3,NC,B1,LH,458.50 
918,STEEL0918,High Tensile Steel,10,2,0.68,13.6,1,NG,B2,LH,459.00 
919,STEEL0919,High Tensile Steel,17,4,0.34,23.12,3,NC,B2,LH,459.50 
920,STEEL0920,Mild Steel,17,2,0.98,33.32,1,NC,B1,LH,460.00 
921,STEEL0921,Mild Steel,11,2,0.81,17.82,2,NG,B1,LH,460.50 
922,STEEL0922,Mild Steel,12,3,0.73,26.28,2,NG,B1,LH,461.00 
923,STEEL0923,High Tensile Steel,11,2,0.72,15.84,1,NG,B1,LH,461.50 
924,STEEL0924,High Tensile Steel,18,3,0.48,25.92,1,NG,B1,LH,462.00 
925,STEEL0925,Mild Steel,16,2,0.49,15.68,2,NG,B2,LH,462.50 
926,STEEL0926,High Tensile Steel,17,2,0.61,20.74,3,NC,B2,LH,463.00 
927,STEEL0927,Mild Steel,14,2,0.53,14.84,2,NC,B2,LH,463.50 
928,STEEL0928,High Tensile Steel,14,4,0.59,33.04,2,NC,B2,LH,464.00 
929,STEEL0929,High Tensile Steel,11,3,0.71,23.43,3,NG,B1,LH,464.50 
930,STEEL0930,High Tensile Steel,17,2,0.9,30.6,2,NG,B0,LH,465.00 
931,STEEL0931,Mild Steel,14,3,0.75,31.5,2,NC,B1,LH,465.50 
932,STEEL0932,High Tensile Steel,15,4,0.91,54.6,2,NC,B2,LH,466.00 
933,STEEL0933,High Tensile Steel,18,3,0.71,38.34,1,NC,B1,LH,466.50 
934,STEEL0934,Mild Steel,15,2,0.57,17.1,2,NC,B1,LH,467.00 
935,STEEL0935,Mild Steel,12,3,0.51,18.36,2,NG,B1,LH,467.50 
936,STEEL0936,High Tensile Steel,20,4,0.49,39.2,2,NC,B2,LH,468.00 
937,STEEL0937,High Tensile Steel,19,4,0.5,38,3,NG,B2,LH,468.50 
938,STEEL0938,Mild Steel,14,4,0.79,44.24,3,NC,B2,LH,469.00 
939,STEEL0939,High Tensile Steel,18,2,0.55,19.8,3,NC,B0,LH,469.50 
940,STEEL0940,High Tensile Steel,10,2,0.37,7.4,3,NG,B2,LH,470.00 
941,STEEL0941,High Tensile Steel,10,4,0.29,11.6,2,NG,B1,LH,470.50 
942,STEEL0942,Mild Steel,20,2,0.36,14.4,3,NG,B1,LH,471.00 
943,STEEL0943,High Tensile Steel,12,2,0.38,9.12,3,NC,B2,LH,471.50 
944,STEEL0944,High Tensile Steel,14,4,0.58,32.48,3,NG,B1,LH,472.00 
945,STEEL0945,Mild Steel,20,4,0.43,34.4,3,NC,B1,LH,472.50 
946,STEEL0946,Mild Steel,10,4,0.38,15.2,3,NG,B1,LH,473.00 
947,STEEL0947,High Tensile Steel,10,4,0.84,33.6,1,NG,B1,LH,473.50 
948,STEEL0948,Mild Steel,14,4,0.8,44.8,1,NC,B1,LH,474.00 
949,STEEL0949,High Tensile Steel,20,4,0.56,44.8,2,NC,B1,LH,474.50 
950,STEEL0950,Mild Steel,13,2,0.95,24.7,2,NG,B1,LH,475.00 
951,STEEL0951,High Tensile Steel,18,2,0.95,34.2,1,NC,B1,LH,475.50 
952,STEEL0952,Mild Steel,11,4,0.29,12.76,2,NC,B1,LH,476.00 
953,STEEL0953,High Tensile Steel,17,3,0.94,47.94,1,NC,B1,LH,476.50 
954,STEEL0954,Mild Steel,19,2,0.47,17.86,2,NG,B1,LH,477.00 
955,STEEL0955,High Tensile Steel,13,2,0.29,7.54,2,NG,B0,LH,477.50 
956,STEEL0956,High Tensile Steel,17,4,0.37,25.16,1,NC,B1,LH,478.00 
957,STEEL0957,High Tensile Steel,12,3,0.49,17.64,1,NG,B1,LH,478.50 
958,STEEL0958,High Tensile Steel,18,2,0.8,28.8,3,NG,B1,LH,479.00 
959,STEEL0959,Mild Steel,20,4,0.77,61.6,2,NG,B2,LH,479.50 
960,STEEL0960,Mild Steel,11,4,0.48,21.12,1,NG,B1,LH,480.00 
961,STEEL0961,High Tensile Steel,10,4,0.89,35.6,2,NC,B1,LH,480.50 
962,STEEL0962,Mild Steel,18,3,0.77,41.58,3,NC,B2,LH,481.00 
963,STEEL0963,Mild Steel,13,3,0.89,34.71,1,NG,B2,LH,481.50 
964,STEEL0964,High Tensile Steel,20,4,0.9,72,1,NG,B2,LH,482.00 
965,STEEL0965,High Tensile Steel,16,4,0.96,61.44,3,NC,B1,LH,482.50 
966,STEEL0966,High Tensile Steel,19,4,0.56,42.56,2,NG,B2,LH,483.00 
967,STEEL0967,High Tensile Steel,13,3,0.52,20.28,1,NG,B2,LH,483.50 
968,STEEL0968,Mild Steel,11,3,0.23,7.59,2,NC,B1,LH,484.00 
969,STEEL0969,Mild Steel,10,4,0.76,30.4,2,NC,B1,LH,484.50 
970,STEEL0970,High Tensile Steel,11,3,0.35,11.55,3,NC,B2,LH,485.00 
971,STEEL0971,High Tensile Steel,19,3,0.59,33.63,3,NC,B1,LH,485.50 
972,STEEL0972,Mild Steel,11,2,1,22,1,NG,B2,LH,486.00 
973,STEEL0973,High Tensile Steel,10,2,0.31,6.2,2,NG,B1,LH,486.50 
974,STEEL0974,High Tensile Steel,16,4,0.55,35.2,3,NG,B1,LH,487.00 
975,STEEL0975,High Tensile Steel,14,3,0.94,39.48,1,NC,B1,LH,487.50 
976,STEEL0976,Mild Steel,13,2,0.26,6.76,2,NG,B1,LH,488.00 
977,STEEL0977,High Tensile Steel,14,2,0.47,13.16,3,NG,B1,LH,488.50 
978,STEEL0978,High Tensile Steel,16,3,0.88,42.24,1,NC,B1,LH,489.00 
979,STEEL0979,Mild Steel,20,2,0.46,18.4,3,NC,B1,LH,489.50 
980,STEEL0980,Mild Steel,12,3,0.57,20.52,1,NC,B1,LH,490.00 
981,STEEL0981,High Tensile Steel,16,4,0.25,16,3,NG,B2,LH,490.50 
982,STEEL0982,Mild Steel,19,4,0.68,51.68,3,NC,B1,LH,491.00 
983,STEEL0983,Mild Steel,13,2,0.44,11.44,2,NC,B1,LH,491.50 
984,STEEL0984,Mild Steel,10,2,0.79,15.8,3,NC,B1,LH,492.00 
985,STEEL0985,Mild Steel,20,3,0.44,26.4,1,NC,B1,LH,492.50 
986,STEEL0986,Mild Steel,20,4,0.67,53.6,1,NG,B1,LH,493.00 
987,STEEL0987,High Tensile Steel,10,3,0.21,6.3,3,NC,B1,LH,493.50 
988,STEEL0988,High Tensile Steel,20,2,1,40,2,NC,B1,LH,494.00 
989,STEEL0989,Mild Steel,11,2,0.59,12.98,2,NG,B2,LH,494.50 
990,STEEL0990,High Tensile Steel,19,3,0.26,14.82,2,NC,B2,LH,495.00 
991,STEEL0991,Mild Steel,17,2,0.32,10.88,1,NG,B1,LH,495.50 
992,STEEL0992,Mild Steel,12,2,0.37,8.88,1,NG,B0,LH,496.00 
993,STEEL0993,High Tensile Steel,11,4,0.34,14.96,2,NG,B2,LH,496.50 
994,STEEL0994,Mild Steel,10,4,0.47,18.8,1,NC,B1,LH,497.00 
995,STEEL0995,High Tensile Steel,17,2,0.39,13.26,2,NC,B1,LH,497.50 
996,STEEL0996,High Tensile Steel,15,3,0.2,9,3,NC,B1,LH,498.00 
997,STEEL0997,Mild Steel,10,2,0.86,17.2,3,NG,B1,LH,498.50 
998,STEEL0998,Mild Steel,14,3,0.2,8.4,3,NG,B1,LH,499.00 
999,STEEL0999,High Tensile Steel,13,4,0.74,38.48,1,NC,B1,LH,499.50 
1000,STEEL1000,Mild Steel,16,3,0.84,40.32,2,NC,B1,LH,500.00 
